Date,open,high,low,close,volume,Daily_Return,Year,month,dayofweek
2022-12-13,1.0541739463806152,1.066894292831421,1.0529308319091797,1.0541739463806152,0,0.18552850472817184,2022,12,1
2022-12-14,1.062665343284607,1.0669853687286377,1.0620108842849731,1.062665343284607,0,0.805502444178785,2022,12,2
2022-12-15,1.0676347017288208,1.0725586414337158,1.0607378482818604,1.0676347017288208,0,0.46763155264422096,2022,12,3
2022-12-16,1.064056158065796,1.0663254261016846,1.0599396228790283,1.064056158065796,0,-0.33518427765883985,2022,12,4
2022-12-19,1.05850350856781,1.0659003257751465,1.0577198266983032,1.05850350856781,0,-0.5218380116402188,2022,12,0
2022-12-20,1.0614584684371948,1.065552830696106,1.058066725730896,1.0614584684371948,0,0.27916391825502096,2022,12,1
2022-12-21,1.062699317932129,1.0643506050109863,1.059703707695007,1.062699317932129,0,0.11690042821561608,2022,12,2
2022-12-22,1.0610079765319824,1.065745830535889,1.05840265750885,1.0610079765319824,0,-0.15915521649506603,2022,12,3
2022-12-23,1.060333013534546,1.063117265701294,1.0587948560714722,1.060333013534546,0,-0.06361526137086404,2022,12,4
2022-12-26,1.0667804479599,1.0637166500091553,1.060895323753357,1.0667804479599,0,0.6080575010922296,2022,12,0
2022-12-27,1.064022183418274,1.0668998956680298,1.0612443685531616,1.064022183418274,0,-0.25855972022179596,2022,12,1
2022-12-28,1.0637166500091553,1.067429542541504,1.0613908767700195,1.0637166500091553,0,-0.028714947289643078,2022,12,2
2022-12-29,1.062925100326538,1.0670194625854492,1.0612331628799438,1.062925100326538,0,-0.07441358397561881,2022,12,3
2022-12-30,1.066075325012207,1.0697933435440063,1.0639203786849976,1.066075325012207,0,0.2963731578736084,2022,12,4
2023-01-02,1.0709733963012695,1.071237325668335,1.0653257369995115,1.0709733963012695,0,0.4594488939143604,2023,1,0
2023-01-03,1.0677714347839355,1.068261981010437,1.052155375480652,1.0677714347839355,0,-0.29897675594858786,2023,1,1
2023-01-04,1.0546854734420776,1.063151240348816,1.0545964241027832,1.0546854734420776,0,-1.2255395598315344,2023,1,2
2023-01-05,1.0606365203857422,1.06326425075531,1.0515578985214231,1.0606365203857422,0,0.5642484981084106,2023,1,3
2023-01-06,1.0522217750549316,1.062225103378296,1.0485258102416992,1.0522217750549316,0,-0.7933674891517195,2023,1,4
2023-01-09,1.0656323432922363,1.0759514570236206,1.0652804374694824,1.0656323432922363,0,1.2745001629152375,2023,1,0
2023-01-10,1.073318362236023,1.0756852626800537,1.0713175535202026,1.073318362236023,0,0.7212636696105612,2023,1,1
2023-01-11,1.0738946199417114,1.077470064163208,1.0726851224899292,1.0738946199417114,0,0.05368935499137084,2023,1,2
2023-01-12,1.0766000747680664,1.0838346481323242,1.073802471160889,1.0766000747680664,0,0.25192926532231485,2023,1,3
2023-01-13,1.0860239267349243,1.0867793560028076,1.0780625343322754,1.0860239267349243,0,0.8753345079312025,2023,1,4
2023-01-16,1.082461953163147,1.0875475406646729,1.080263614654541,1.082461953163147,0,-0.32798297386377184,2023,1,0
2023-01-17,1.083012938499451,1.086909294128418,1.078702092170715,1.083012938499451,0,0.05090112725845142,2023,1,1
2023-01-18,1.0793308019638062,1.0884472131729126,1.0767043828964231,1.0793308019638062,0,-0.3399900781191456,2023,1,2
2023-01-19,1.0797853469848633,1.0833063125610352,1.0782949924468994,1.0797853469848633,0,0.042113596705495304,2023,1,3
2023-01-20,1.083388328552246,1.0856584310531616,1.0804619789123535,1.083388328552246,0,0.33367572336886475,2023,1,4
2023-01-23,1.0864723920822144,1.0919533967971802,1.0847516059875488,1.086507797241211,0,0.28793633886876613,2023,1,0
2023-01-24,1.0874292850494385,1.089680790901184,1.0839285850524902,1.0874292850494385,0,0.08481189095626007,2023,1,1
2023-01-25,1.088814616203308,1.0922634601593018,1.0858116149902344,1.088814616203308,0,0.12739505666399253,2023,1,2
2023-01-26,1.0922038555145264,1.0932546854019165,1.0851635932922363,1.0922038555145264,0,0.311277903582563,2023,1,3
2023-01-27,1.0894432067871094,1.0901559591293335,1.0838816165924072,1.0894432067871094,0,-0.25275947466020243,2023,1,4
2023-01-30,1.0871455669403076,1.0915005207061768,1.0854581594467163,1.0871455669403076,0,-0.21090037851332344,2023,1,0
2023-01-31,1.0850694179534912,1.0868383646011353,1.0804152488708496,1.0850694179534912,0,-0.19097249254850235,2023,1,1
2023-02-01,1.0860947370529177,1.092442512512207,1.085293173789978,1.0860947370529177,0,0.09449341051011029,2023,2,2
2023-02-02,1.1012852191925049,1.102657437324524,1.088767170906067,1.1012852191925049,0,1.3986332519026812,2023,2,3
2023-02-03,1.09051251411438,1.094067931175232,1.0811045169830322,1.09051251411438,0,-0.9781939220090186,2023,2,4
2023-02-06,1.079086184501648,1.0800302028656006,1.0718343257904053,1.079086184501648,0,-1.0477944512183424,2023,2,0
2023-02-07,1.0730764865875244,1.0745997428894043,1.0669511556625366,1.0730764865875244,0,-0.5569247387685716,2023,2,1
2023-02-08,1.0729728937149048,1.0760208368301392,1.071684956550598,1.0729728937149048,0,-0.009653820013244552,2023,2,2
2023-02-09,1.0715816020965576,1.0790396928787231,1.0711569786071775,1.0715816020965576,0,-0.12966698660300535,2023,2,3
2023-02-10,1.0742292404174805,1.0751763582229614,1.0669283866882324,1.0742292404174805,0,0.2470776201964231,2023,2,4
2023-02-13,1.0677714347839355,1.0725010633468628,1.065723180770874,1.0677714347839355,0,-0.601157126484031,2023,2,0
2023-02-14,1.073041915893555,1.0798436403274536,1.0709964036941528,1.073041915893555,0,0.4935963763336604,2023,2,1
2023-02-15,1.0735719203948977,1.0744600296020508,1.066598415374756,1.0735719203948977,0,0.0493927118309756,2023,2,2
2023-02-16,1.0691757202148438,1.0722250938415527,1.0655754804611206,1.0691757202148438,0,-0.4094928431470968,2023,2,3
2023-02-17,1.0665756464004517,1.0681477785110474,1.0613795518875122,1.0665756464004517,0,-0.24318489142922672,2023,2,4
2023-02-20,1.0684444904327393,1.070549249649048,1.0671560764312744,1.0684444904327393,0,0.17521907973379047,2023,2,0
2023-02-21,1.068261981010437,1.0695644617080688,1.0644866228103638,1.068261981010437,0,-0.017081787957773376,2023,2,1
2023-02-22,1.065200924873352,1.0665528774261477,1.061909317970276,1.065200924873352,0,-0.2865454534092482,2023,2,2
2023-02-23,1.0605803728103638,1.0630381107330322,1.0582010746002195,1.0605803728103638,0,-0.43377281741824314,2023,2,3
2023-02-24,1.0598047971725464,1.0614246129989624,1.053774118423462,1.0598047971725464,0,-0.07312747413590337,2023,2,4
2023-02-27,1.055475831031799,1.0618642568588257,1.0533522367477417,1.055475831031799,0,-0.4084682530496653,2023,2,0
2023-02-28,1.0611205101013184,1.0645002126693726,1.058234691619873,1.0611205101013184,0,0.5347994623430941,2023,2,1
2023-03-01,1.0577309131622314,1.0691070556640625,1.056568622589111,1.0577309131622314,0,-0.31943562553166105,2023,3,2
2023-03-02,1.066894292831421,1.067270040512085,1.0583466291427612,1.066894292831421,0,0.8663242754052058,2023,3,3
2023-03-03,1.0599732398986816,1.062925100326538,1.0591312646865845,1.0599732398986816,0,-0.6487102779762277,2023,3,4
2023-03-06,1.0626201629638672,1.0693814754486084,1.062304139137268,1.0626201629638672,0,0.2497160273063681,2023,3,0
2023-03-07,1.0688328742980957,1.06963312625885,1.0571606159210205,1.0688328742980957,0,0.5846596508106927,2023,3,1
2023-03-08,1.05507493019104,1.0573283433914185,1.0526647567749023,1.05507493019104,0,-1.2871932027811672,2023,3,2
2023-03-09,1.0549525022506714,1.0586491823196411,1.053851842880249,1.0549525022506714,0,-0.011603719969588422,2023,3,3
2023-03-10,1.0584698915481567,1.0698620080947876,1.0575743913650513,1.0584698915481567,0,0.33341684009291495,2023,3,4
2023-03-13,1.0683646202087402,1.0737217664718628,1.0652350187301636,1.0683646202087402,0,0.9348143711590318,2023,3,0
2023-03-14,1.0725010633468628,1.0747140645980835,1.0679652690887451,1.0725010633468628,0,0.3871752264984485,2023,3,1
2023-03-15,1.0727657079696655,1.0760092735290527,1.052033543586731,1.0727657079696655,0,0.024675464840751005,2023,3,2
2023-03-16,1.0583354234695437,1.063456416130066,1.0555092096328735,1.0583354234695437,0,-1.345147816798964,2023,3,3
2023-03-17,1.0614134073257446,1.0669625997543335,1.0612106323242188,1.0614134073257446,0,0.2908325458965022,2023,3,4
2023-03-20,1.0678855180740356,1.0730534791946411,1.0632416009902954,1.0678855180740356,0,0.6097634252235196,2023,3,0
2023-03-21,1.071914792060852,1.0787253379821775,1.070491909980774,1.071914792060852,0,0.3773132904811183,2023,3,1
2023-03-22,1.0774236917495728,1.0801469087600708,1.0759514570236206,1.0774236917495728,0,0.5139307461304199,2023,3,2
2023-03-23,1.0870392322540283,1.0928997993469238,1.0868619680404663,1.0870392322540283,0,0.8924567538366901,2023,3,3
2023-03-24,1.0835057497024536,1.0839003324508667,1.0718917846679688,1.0835057497024536,0,-0.325055660065543,2023,3,4
2023-03-27,1.077818512916565,1.0795999765396118,1.074806571006775,1.077818512916565,0,-0.5248921648501104,2023,3,0
2023-03-28,1.0807071924209597,1.08489990234375,1.0804035663604736,1.0807071924209597,0,0.2680116800534371,2023,3,1
2023-03-29,1.0839520692825315,1.0871999263763428,1.0821340084075928,1.0839520692825315,0,0.3002549519729447,2023,3,2
2023-03-30,1.0843634605407717,1.0923947095870972,1.0826963186264038,1.0843634605407717,0,0.037952901230453584,2023,3,3
2023-03-31,1.0904649496078491,1.0925856828689575,1.086059331893921,1.0904649496078491,0,0.5626793311566125,2023,3,4
2023-04-03,1.080333590507507,1.0915720462799072,1.078934907913208,1.080333590507507,0,-0.9290861759459035,2023,4,0
2023-04-04,1.091226577758789,1.0971648693084717,1.088387966156006,1.091226577758789,0,1.0082984873371226,2023,4,1
2023-04-05,1.0960105657577517,1.0969241857528689,1.0905362367630005,1.0960105657577517,0,0.4384046445045531,2023,4,2
2023-04-06,1.090334177017212,1.0930156707763672,1.0885539054870603,1.090334177017212,0,-0.5179136878680768,2023,4,3
2023-04-07,1.0920130014419556,1.0925379991531372,1.0881037712097168,1.0920130014419556,0,0.15397338358560386,2023,4,4
2023-04-10,1.0913575887680054,1.0918222665786743,1.0832475423812866,1.0913575887680054,0,-0.06001876104815285,2023,4,0
2023-04-11,1.086932897567749,1.0926692485809326,1.086802959442139,1.086932897567749,0,-0.4054300117389831,2023,4,1
2023-04-12,1.0917507410049438,1.099855899810791,1.091524362564087,1.0917507410049438,0,0.44325122994950394,2023,4,2
2023-04-13,1.0999890565872192,1.106899976730347,1.0981649160385132,1.0999890565872192,0,0.7545967474857918,2023,4,3
2023-04-14,1.1054610013961792,1.1075423955917358,1.097803235054016,1.1054610013961792,0,0.4974544770415257,2023,4,4
2023-04-17,1.098659634590149,1.0999042987823486,1.0910717248916626,1.098659634590149,0,-0.6152516278222664,2023,4,0
2023-04-18,1.0925379991531372,1.0983458757400513,1.0922753810882568,1.0925379991531372,0,-0.55719125780892,2023,4,1
2023-04-19,1.0975382328033447,1.098659634590149,1.0918341875076294,1.0975382328033447,0,0.4576713719873782,2023,4,2
2023-04-20,1.095218300819397,1.0989010334014893,1.0934339761734009,1.095218300819397,0,-0.21137596072823284,2023,4,3
2023-04-21,1.0970927476882937,1.099251389503479,1.0939722061157229,1.0970927476882937,0,0.17114824208965818,2023,4,4
2023-04-24,1.0992271900177002,1.103423833847046,1.0968761444091797,1.0992271900177002,0,0.19455441063702672,2023,4,0
2023-04-25,1.1059499979019165,1.1068068742752075,1.0969241857528689,1.1059499979019165,0,0.6115940312673818,2023,4,1
2023-04-26,1.0978394746780396,1.109410047531128,1.0969241857528689,1.0978394746780396,0,-0.7333535186277218,2023,4,2
2023-04-27,1.1047282218933103,1.1065618991851809,1.0994206666946411,1.1047282218933103,0,0.6274821933590191,2023,4,3
2023-04-28,1.1032048463821411,1.1043744087219238,1.0965633392333984,1.1032048463821411,0,-0.13789595313844494,2023,4,4
2023-05-01,1.1010911464691162,1.103557825088501,1.0966956615447998,1.1010911464691162,0,-0.19159632229287515,2023,5,0
2023-05-02,1.0969241857528689,1.100521683692932,1.0943553447723389,1.0969241857528689,0,-0.37843921728093477,2023,5,1
2023-05-03,1.1010911464691162,1.1058155298233032,1.100594401359558,1.1010911464691162,0,0.3798768201457303,2023,5,2
2023-05-04,1.1068925857543943,1.109139323234558,1.0986838340759275,1.1068925857543943,0,0.5268809311455902,2023,5,3
2023-05-05,1.102292776107788,1.1048002243041992,1.0971648693084717,1.102292776107788,0,-0.41556061589040905,2023,5,4
2023-05-08,1.10186767578125,1.1053388118743896,1.1012487411499023,1.10186767578125,0,-0.03856510137344449,2023,5,0
2023-05-09,1.0996140241622925,1.1001100540161133,1.0944032669067385,1.0996140241622925,0,-0.20453015080595938,2023,5,1
2023-05-10,1.096467137336731,1.100473165512085,1.0942834615707395,1.096467137336731,0,-0.28618103774721293,2023,5,2
2023-05-11,1.098406195640564,1.0998680591583252,1.0901321172714231,1.098406195640564,0,0.17684600274869844,2023,5,3
2023-05-12,1.0912145376205444,1.0935176610946655,1.085564136505127,1.0912145376205444,0,-0.6547357479011251,2023,5,4
2023-05-15,1.0852696895599363,1.089205980300903,1.0848575830459597,1.0852696895599363,0,-0.5447918677450203,2023,5,0
2023-05-16,1.0873701572418213,1.090358018875122,1.0856702327728271,1.0873701572418213,0,0.1935433839248546,2023,5,1
2023-05-17,1.0865668058395386,1.0875475406646729,1.081162929534912,1.0865668058395386,0,-0.07388021428880176,2023,5,2
2023-05-18,1.0838346481323242,1.0849517583847046,1.0765421390533447,1.0838346481323242,0,-0.2514486631223112,2023,5,3
2023-05-19,1.0775396823883057,1.082391619682312,1.0761018991470337,1.0775396823883057,0,-0.5808049922436109,2023,5,4
2023-05-22,1.0822745561599731,1.0830715894699097,1.0796570777893066,1.0822745561599731,0,0.43941525765185396,2023,5,0
2023-05-23,1.0811045169830322,1.0821340084075928,1.076379895210266,1.0811045169830322,0,-0.10810927507085566,2023,5,1
2023-05-24,1.076971173286438,1.079936981201172,1.074968338012695,1.076971173286438,0,-0.382326003791833,2023,5,2
2023-05-25,1.0757315158843994,1.0754191875457764,1.0709964036941528,1.0757315158843994,0,-0.11510590374074203,2023,5,3
2023-05-26,1.072443604469299,1.0757546424865725,1.0702054500579834,1.072443604469299,0,-0.3056442399009929,2023,5,4
2023-05-29,1.0723055601119995,1.0745755434036257,1.0706294775009155,1.0723055601119995,0,-0.012871945594561396,2023,5,0
2023-05-30,1.0707669258117676,1.0745755434036257,1.067338466644287,1.0707669258117676,0,-0.1434884194828956,2023,5,1
2023-05-31,1.073306918144226,1.0738831758499146,1.06516695022583,1.073306918144226,0,0.23721243822814042,2023,5,2
2023-06-01,1.0695186853408811,1.0753995180130005,1.0664163827896118,1.0695186853408811,0,-0.35294963065130025,2023,6,3
2023-06-02,1.0760787725448608,1.077934741973877,1.071811318397522,1.0760787725448608,0,0.6133681714862949,2023,6,4
2023-06-05,1.0698620080947876,1.0722709894180298,1.0674750804901123,1.0698620080947876,0,-0.5777239184238336,2023,6,0
2023-06-06,1.0711798667907717,1.073306918144226,1.0667349100112915,1.0711798667907717,0,0.12318024997737265,2023,6,1
2023-06-07,1.0698047876358032,1.074021577835083,1.0668829679489136,1.0698047876358032,0,-0.12837051905093544,2023,6,2
2023-06-08,1.0707440376281738,1.078283429145813,1.0702168941497805,1.0707440376281738,0,0.08779639082063806,2023,6,3
2023-06-09,1.078271746635437,1.0787487030029297,1.0747718811035156,1.078271746635437,0,0.7030353420354185,2023,6,4
2023-06-12,1.0750954151153564,1.0789697170257568,1.073433518409729,1.0750954151153564,0,-0.2945761613426079,2023,6,0
2023-06-13,1.0762988328933716,1.0822510719299316,1.076055645942688,1.0762988328933716,0,0.11193590458071778,2023,6,1
2023-06-14,1.078934907913208,1.085835337638855,1.077574610710144,1.078934907913208,0,0.24492036405445727,2023,6,2
2023-06-15,1.084304690361023,1.0938525199890137,1.0804269313812256,1.084304690361023,0,0.49769290143746314,2023,6,3
2023-06-16,1.0945948362350464,1.0970999002456665,1.0920130014419556,1.0945948362350464,0,0.9490087025812999,2023,6,4
2023-06-19,1.0942115783691406,1.0949305295944214,1.0911003351211548,1.0942115783691406,0,-0.03501367384702858,2023,6,0
2023-06-20,1.0924304723739624,1.0945229530334473,1.0894551277160645,1.0924304723739624,0,-0.1627752831708129,2023,6,1
2023-06-21,1.0920368432998655,1.0961307287216189,1.0906671285629272,1.0920368432998655,0,-0.036032414332187734,2023,6,2
2023-06-22,1.0992635488510132,1.1011154651641846,1.095110297203064,1.0992635488510132,0,0.661763895191525,2023,6,3
2023-06-23,1.0958904027938845,1.0958904027938845,1.0845046043395996,1.0958904027938845,0,-0.30685508135464,2023,6,4
2023-06-26,1.0906671285629272,1.0921800136566162,1.088814616203308,1.0906671285629272,0,-0.4766237771259729,2023,6,0
2023-06-27,1.091048002243042,1.0976104736328125,1.0903223752975464,1.091048002243042,0,0.03492116615053664,2023,6,1
2023-06-28,1.0957223176956177,1.0962508916854858,1.0899657011032104,1.0957223176956177,0,0.42842436290300157,2023,6,2
2023-06-29,1.0915838479995728,1.094067931175232,1.0862362384796145,1.0915838479995728,0,-0.377693292288539,2023,6,3
2023-06-30,1.086802959442139,1.0933741331100464,1.0836466550827026,1.086802959442139,0,-0.43797721688492164,2023,6,4
2023-07-03,1.0907504558563232,1.093135118484497,1.0871810913085938,1.0907504558563232,0,0.3632209849898205,2023,7,0
2023-07-04,1.091309905052185,1.0918222665786743,1.0890754461288452,1.091309905052185,0,0.05129030135702095,2023,7,1
2023-07-05,1.0884946584701538,1.0906195640563965,1.086507797241211,1.0884946584701538,0,-0.2579694886849393,2023,7,2
2023-07-06,1.0856584310531616,1.0901559591293335,1.083435297012329,1.0856584310531616,0,-0.26056420166346017,2023,7,3
2023-07-07,1.0890636444091797,1.096467137336731,1.0868619680404663,1.0890636444091797,0,0.31365420823148416,2023,7,4
2023-07-10,1.0969723463058472,1.0992755889892578,1.0944511890411377,1.0969723463058472,0,0.7261928113446503,2023,7,0
2023-07-11,1.100594401359558,1.1025601625442505,1.0978635549545288,1.100594401359558,0,0.33018654170349215,2023,7,1
2023-07-12,1.101406455039978,1.1125946044921875,1.1012852191925049,1.101406455039978,0,0.07378319201123418,2023,7,2
2023-07-13,1.1144545078277588,1.1196202039718628,1.113065242767334,1.1144545078277588,0,1.1846719009202866,2023,7,3
2023-07-14,1.1223469972610474,1.12447988986969,1.1206114292144775,1.1223469972610474,0,0.7081930556925409,2023,7,4
2023-07-17,1.1227755546569824,1.125112533569336,1.1205486059188845,1.1227755546569824,0,0.038184037288013783,2023,7,0
2023-07-18,1.123759627342224,1.1275737285614014,1.1220070123672483,1.123759627342224,0,0.08764642952545643,2023,7,1
2023-07-19,1.1228890419006348,1.123974323272705,1.1176306009292605,1.1228890419006348,0,-0.07747078827241571,2023,7,2
2023-07-20,1.120523452758789,1.12296462059021,1.1133129596710205,1.120523452758789,0,-0.21066989289000304,2023,7,3
2023-07-21,1.113709807395935,1.1147029399871826,1.110962986946106,1.113709807395935,0,-0.6080769970569055,2023,7,4
2023-07-24,1.112532615661621,1.114504098892212,1.1068804264068604,1.112532615661621,0,-0.10570004201242433,2023,7,0
2023-07-25,1.1063170433044434,1.1088933944702148,1.1022076606750488,1.1063170433044434,0,-0.5586867539592366,2023,7,1
2023-07-26,1.1050456762313845,1.1086474657058716,1.1038380861282349,1.1050456762313845,0,-0.11491887255586919,2023,7,2
2023-07-27,1.1078368425369265,1.115200161933899,1.0984907150268557,1.1078368425369265,0,0.2525837950030141,2023,7,3
2023-07-28,1.0978755950927734,1.1046794652938845,1.0947027206420898,1.0978755950927734,0,-0.8991619579415633,2023,7,4
2023-07-31,1.1024264097213743,1.1045451164245603,1.100618600845337,1.1024264097213743,0,0.4145109563362004,2023,7,0
2023-08-01,1.0997591018676758,1.100231051445007,1.095446228981018,1.0997591018676758,0,-0.24194883487711483,2023,8,1
2023-08-02,1.100788116455078,1.1007033586502075,1.0919772386550903,1.100788116455078,0,0.0935672717465641,2023,8,2
2023-08-03,1.0944151878356934,1.0953983068466189,1.0913575887680054,1.0944151878356934,0,-0.5789423526761484,2023,8,3
2023-08-04,1.095158338546753,1.1040940284729004,1.0936251878738403,1.095158338546753,0,0.06790391062911905,2023,8,4
2023-08-07,1.1002674102783203,1.1012003421783447,1.096611499786377,1.1002674102783203,0,0.46651443464760245,2023,8,0
2023-08-08,1.100315809249878,1.1009820699691772,1.0930992364883425,1.100315809249878,0,0.004398837146823986,2023,8,1
2023-08-09,1.0958904027938845,1.0994327068328855,1.0955902338027954,1.0958904027938845,0,-0.4021942081346985,2023,8,2
2023-08-10,1.0977671146392822,1.1058399677276611,1.096803903579712,1.0977671146392822,0,0.17124995716846225,2023,8,3
2023-08-11,1.0981649160385132,1.1004369258880615,1.0951822996139526,1.0981649160385132,0,0.036237321552645696,2023,8,4
2023-08-14,1.094439148902893,1.0960345268249512,1.087748646736145,1.094439148902893,0,-0.3392720966774565,2023,8,0
2023-08-15,1.0909883975982666,1.0949664115905762,1.0900845527648926,1.0909883975982666,0,-0.3152985991122126,2023,8,1
2023-08-16,1.0904173851013184,1.093469738960266,1.0897756814956665,1.0904173851013184,0,-0.05233900728965901,2023,8,2
2023-08-17,1.0874884128570557,1.0917268991470337,1.0862362384796145,1.0874884128570557,0,-0.26861019315007617,2023,8,3
2023-08-18,1.0874648094177246,1.089561939239502,1.0846457481384275,1.0874648094177246,0,-0.002170454328709326,2023,8,4
2023-08-21,1.087559461593628,1.0913575887680054,1.0870628356933594,1.087559461593628,0,0.008703930010756089,2023,8,0
2023-08-22,1.0898351669311523,1.093199610710144,1.0834001302719116,1.0898351669311523,0,0.20924881975554754,2023,8,1
2023-08-23,1.0846692323684692,1.0870510339736938,1.0802985429763794,1.0846692323684692,0,-0.4740106320141768,2023,8,2
2023-08-24,1.086578607559204,1.0876895189285278,1.081548810005188,1.086578607559204,0,0.17603294476837839,2023,8,3
2023-08-25,1.07991361618042,1.0839755535125732,1.076669692993164,1.07991361618042,0,-0.6133924717840578,2023,8,4
2023-08-28,1.0797386169433594,1.0821340084075928,1.079936981201172,1.0797386169433594,0,-0.016204929212715324,2023,8,0
2023-08-29,1.082555651664734,1.0856702327728271,1.0783531665802002,1.082555651664734,0,0.2608996915706818,2023,8,1
2023-08-30,1.0869210958480835,1.094546914100647,1.085611343383789,1.0869210958480835,0,0.4032535580629215,2023,8,2
2023-08-31,1.0932546854019165,1.0939722061157229,1.0837171077728271,1.0932546854019165,0,0.5827092305068504,2023,8,3
2023-09-01,1.0844104290008545,1.0880801677703855,1.0785857439041138,1.0844104290008545,0,-0.8089840838697682,2023,9,4
2023-09-04,1.07758629322052,1.080905795097351,1.0774004459381104,1.07758629322052,0,-0.6292945547030637,2023,9,0
2023-09-05,1.0794472694396973,1.07991361618042,1.0707554817199707,1.0794472694396973,0,0.17269857930499732,2023,9,1
2023-09-06,1.0726161003112793,1.074818134307861,1.0705147981643677,1.0726161003112793,0,-0.6328395394398223,2023,9,2
2023-09-07,1.0724204778671265,1.073422074317932,1.068764328956604,1.0724204778671265,0,-0.018237880644911275,2023,9,3
2023-09-08,1.0697818994522097,1.0742061138153076,1.0695072412490845,1.0697818994522097,0,-0.24603954040158804,2023,9,4
2023-09-11,1.071811318397522,1.0756852626800537,1.0711455345153809,1.071811318397522,0,0.18970398979001324,2023,9,0
2023-09-12,1.0750375986099243,1.0762641429901123,1.070617914199829,1.0750375986099243,0,0.30101195583809304,2023,9,1
2023-09-13,1.075326681137085,1.0765421390533447,1.0717424154281616,1.075326681137085,0,0.02689045736952167,2023,9,2
2023-09-14,1.073422074317932,1.0755001306533811,1.065507411956787,1.073422074317932,0,-0.1771189028006881,2023,9,3
2023-09-15,1.0637166500091553,1.068764328956604,1.0634677410125732,1.0637166500091553,0,-0.9041573245960666,2023,9,4
2023-09-18,1.0668259859085083,1.0698162317276,1.0656323432922363,1.0668259859085083,0,0.2923086612704795,2023,9,0
2023-09-19,1.0692671537399292,1.071926236152649,1.0676347017288208,1.0692671537399292,0,0.22882530643852927,2023,9,1
2023-09-20,1.0682048797607422,1.0726966857910156,1.0675777196884155,1.0682048797607422,0,-0.09934598434746533,2023,9,2
2023-09-21,1.065303087234497,1.0673611164093018,1.061909317970276,1.065303087234497,0,-0.27165130783666225,2023,9,3
2023-09-22,1.0661548376083374,1.0671560764312744,1.06152606010437,1.0661548376083374,0,0.07995380695380305,2023,9,4
2023-09-25,1.0648492574691772,1.0655415058135986,1.0577309131622314,1.0648492574691772,0,-0.12245689773250357,2023,9,0
2023-09-26,1.0591648817062378,1.060895323753357,1.0568143129348757,1.0591648817062378,0,-0.5338197611603257,2023,9,1
2023-09-27,1.0569483041763306,1.057373046875,1.0509058237075806,1.0569483041763306,0,-0.20927596526203462,2023,9,2
2023-09-28,1.0505305528640747,1.0578652620315552,1.049185872077942,1.0505305528640747,0,-0.6071963299337679,2023,9,3
2023-09-29,1.0562450885772705,1.0617965459823608,1.0558546781539917,1.0562450885772705,0,0.5439666364406293,2023,9,4
2023-10-02,1.0565240383148191,1.0590976476669312,1.0492738485336304,1.0565240383148191,0,0.026409565409135638,2023,10,0
2023-10-03,1.0480751991271973,1.049428105354309,1.0449867248535156,1.0480751991271973,0,-0.7996826272971491,2023,10,1
2023-10-04,1.0472300052642822,1.0532413721084597,1.045369029045105,1.0472300052642822,0,-0.08064248286944187,2023,10,2
2023-10-05,1.0507071018218994,1.0536853075027466,1.0500892400741575,1.0507071018218994,0,0.33202797285585284,2023,10,3
2023-10-06,1.0546631813049316,1.0598160028457642,1.0483938455581665,1.0546631813049316,0,0.376515917344844,2023,10,4
2023-10-09,1.056747317314148,1.0576413869857788,1.0521442890167236,1.056747317314148,0,0.19761152623509748,2023,10,0
2023-10-10,1.0578875541687012,1.061954379081726,1.0555983781814575,1.0578875541687012,0,0.10790061501657622,2023,10,1
2023-10-11,1.0604791641235352,1.063354730606079,1.0592771768569946,1.0604791641235352,0,0.24497971874435365,2023,10,2
2023-10-12,1.0624282360076904,1.063908934593201,1.0545964241027832,1.0624282360076904,0,0.18379162458757037,2023,10,3
2023-10-13,1.0536741018295288,1.0558546781539917,1.0496152639389038,1.0536741018295288,0,-0.8239741642275256,2023,10,4
2023-10-16,1.052155375480652,1.055464744567871,1.0516352653503418,1.052155375480652,0,-0.14413625107039252,2023,10,0
2023-10-17,1.055431246757507,1.0595004558563232,1.0533411502838137,1.055431246757507,0,0.311348623330332,2023,10,1
2023-10-18,1.057305932044983,1.0595465898513794,1.0527091026306152,1.057305932044983,0,0.1776226820302318,2023,10,2
2023-10-19,1.053851842880249,1.0585371255874634,1.0528864860534668,1.053851842880249,0,-0.3266877693623771,2023,10,3
2023-10-20,1.0586491823196411,1.0601080656051636,1.056579828262329,1.0586491823196411,0,0.4552195331632758,2023,10,4
2023-10-23,1.0589966773986816,1.064736008644104,1.057183027267456,1.0589966773986816,0,0.032824384587826216,2023,10,0
2023-10-24,1.0669853687286377,1.0690499544143677,1.0584250688552856,1.0669853687286377,0,0.7543641543408253,2023,10,1
2023-10-25,1.059535264968872,1.0606703758239746,1.0566803216934204,1.059535264968872,0,-0.6982386055249035,2023,10,2
2023-10-26,1.056725025177002,1.056970715522766,1.0526316165924072,1.056725025177002,0,-0.26523324751750454,2023,10,3
2023-10-27,1.0564459562301636,1.0597710609436035,1.053629755973816,1.0564459562301636,0,-0.026408851895187713,2023,10,4
2023-10-30,1.0562450885772705,1.0625998973846436,1.054841160774231,1.0562450885772705,0,-0.01901352849225102,2023,10,0
2023-10-31,1.061503529548645,1.0669056177139282,1.0567585229873655,1.061503529548645,0,0.49784288024075085,2023,10,1
2023-11-01,1.0579099655151367,1.0580778121948242,1.0522881746292114,1.0579099655151367,0,-0.3385352882468773,2023,11,2
2023-11-02,1.05870521068573,1.067008137702942,1.0584250688552856,1.05870521068573,0,0.07517134694974281,2023,11,3
2023-11-03,1.061909317970276,1.0736998319625854,1.0615485906600952,1.061909317970276,0,0.30264395151797796,2023,11,4
2023-11-06,1.073214769363403,1.075700283050537,1.0723400115966797,1.073214769363403,0,1.0646343526522717,2023,11,0
2023-11-07,1.0721560716629028,1.0721560716629028,1.0664732456207275,1.0721560716629028,0,-0.09864732863564818,2023,11,1
2023-11-08,1.0696102380752563,1.071604609489441,1.0660640001296997,1.0696102380752563,0,-0.23744990630868434,2023,11,2
2023-11-09,1.07104229927063,1.0728002786636353,1.0681477785110474,1.07104229927063,0,0.13388626477162102,2023,11,3
2023-11-10,1.0667576789855957,1.0692557096481323,1.0657685995101929,1.0667576789855957,0,-0.4000421167261292,2023,11,4
2023-11-13,1.069015622138977,1.070549249649048,1.0665528774261477,1.069015622138977,0,0.21166411059054813,2023,11,0
2023-11-14,1.0701825618743896,1.08672034740448,1.0693585872650146,1.0701825618743896,0,0.10916021349414162,2023,11,1
2023-11-15,1.0878314971923828,1.0887316465377808,1.0832945108413696,1.0878314971923828,0,1.649151831354989,2023,11,2
2023-11-16,1.0854581594467163,1.0893957614898682,1.0830950736999512,1.0854581594467163,0,-0.21817144951142842,2023,11,3
2023-11-17,1.0853756666183472,1.089229702949524,1.0825204849243164,1.0853756666183472,0,-0.007599816506165258,2023,11,4
2023-11-20,1.090702772140503,1.0945110321044922,1.0897995233535769,1.090702772140503,0,0.490807531990578,2023,11,0
2023-11-21,1.0945948362350464,1.096731662750244,1.0922993421554563,1.0945948362350464,0,0.35684002956233307,2023,11,1
2023-11-22,1.0918222665786743,1.092251539230347,1.0854581594467163,1.0918222665786743,0,-0.2532964312081498,2023,11,2
2023-11-23,1.0890873670578003,1.0927051305770874,1.0888028144836426,1.0890873670578003,0,-0.2504894436201721,2023,11,3
2023-11-24,1.0906314849853516,1.0944151878356934,1.089561939239502,1.0906314849853516,0,0.14178090521081987,2023,11,4
2023-11-27,1.0940439701080322,1.0959264039993286,1.0925856828689575,1.0940439701080322,0,0.3128907582130358,2023,11,0
2023-11-28,1.095842361450195,1.100715398788452,1.0935057401657104,1.095842361450195,0,0.16438017038613584,2023,11,1
2023-11-29,1.100594401359558,1.1016855239868164,1.096118688583374,1.100594401359558,0,0.43364265486820486,2023,11,2
2023-11-30,1.0973695516586304,1.098538875579834,1.08949077129364,1.0973695516586304,0,-0.2930098224145139,2023,11,3
2023-12-01,1.089205980300903,1.0913456678390503,1.0831537246704102,1.089205980300903,0,-0.7439218033148731,2023,12,4
2023-12-04,1.088814616203308,1.0887316465377808,1.0805671215057373,1.088814616203308,0,-0.035931137422406945,2023,12,0
2023-12-05,1.0837758779525757,1.0848339796066284,1.078260064125061,1.0837758779525757,0,-0.4627728334785308,2023,12,1
2023-12-06,1.0793657302856443,1.0803686380386353,1.0773192644119265,1.0793657302856443,0,-0.4069243241751064,2023,12,2
2023-12-07,1.076669692993164,1.0796804428100586,1.0757662057876587,1.076669692993164,0,-0.24977977499496262,2023,12,3
2023-12-08,1.079214334487915,1.0800535678863523,1.073145627975464,1.079214334487915,0,0.236343746955181,2023,12,4
2023-12-11,1.0765769481658936,1.077934741973877,1.0743216276168823,1.0765769481658936,0,-0.2443802160275177,2023,12,0
2023-12-12,1.076658010482788,1.0822042226791382,1.0761829614639282,1.076658010482788,0,0.007529635204672758,2023,12,1
2023-12-13,1.0798670053482056,1.0808240175247192,1.0774004459381104,1.0798670053482056,0,0.2980514549813851,2023,12,2
2023-12-14,1.0886130332946775,1.1004126071929932,1.088020920753479,1.0886130332946775,0,0.8099171382360826,2023,12,3
2023-12-15,1.0993602275848389,1.100594401359558,1.090227127075195,1.0993602275848389,0,0.9872373342467711,2023,12,4
2023-12-18,1.0895264148712158,1.0930036306381226,1.0894551277160645,1.0895264148712158,0,-0.8945032271384545,2023,12,0
2023-12-19,1.092382788658142,1.098799705505371,1.091607689857483,1.092382788658142,0,0.26216654758792757,2023,12,1
2023-12-20,1.0981045961380005,1.09797203540802,1.0935654640197754,1.0981045961380005,0,0.5237914345837424,2023,12,2
2023-12-21,1.094570875167847,1.099976897239685,1.0936251878738403,1.094570875167847,0,-0.32180185590531263,2023,12,3
2023-12-22,1.100618600845337,1.1040574312210083,1.0994206666946411,1.100618600845337,0,0.5525202446632349,2023,12,4
2023-12-25,1.102657437324524,1.1042402982711792,1.0999890565872192,1.102657437324524,0,0.18524459586828357,2023,12,0
2023-12-26,1.1020255088806152,1.103996515274048,1.1009578704833984,1.1020255088806152,0,-0.05730958886397408,2023,12,1
2023-12-27,1.1043012142181396,1.1122480630874634,1.102924942970276,1.1043012142181396,0,0.2065020563667419,2023,12,2
2023-12-28,1.110864281654358,1.113945484161377,1.1071009635925293,1.110864281654358,0,0.5943185927641093,2023,12,3
2023-12-29,1.1068191528320312,1.1086474657058716,1.1043256521224976,1.1068191528320312,0,-0.3641424869924248,2023,12,4
2024-01-01,1.1055831909179688,1.1053388118743896,1.103996515274048,1.1055831909179688,0,-0.11166791890978578,2024,1,0
2024-01-02,1.1038745641708374,1.1046061515808103,1.0941996574401855,1.1038745641708374,0,-0.1545452898675692,2024,1,1
2024-01-03,1.0941756963729858,1.0967004299163818,1.0898706912994385,1.0941756963729858,0,-0.8786204622023064,2024,1,2
2024-01-04,1.0927767753601074,1.0970205068588257,1.0917030572891235,1.0927767753601074,0,-0.12785158887330672,2024,1,3
2024-01-05,1.0947387218475342,1.0996382236480713,1.0879853963851929,1.0947387218475342,0,0.1795377181931901,2024,1,4
2024-01-08,1.0942236185073853,1.0978153944015503,1.092454433441162,1.0942236185073853,0,-0.047052628163146704,2024,1,0
2024-01-09,1.095170259475708,1.096731662750244,1.0912623405456543,1.095170259475708,0,0.08651256948868369,2024,1,1
2024-01-10,1.093242645263672,1.0969723463058472,1.0923351049423218,1.093242645263672,0,-0.17601046005017995,2024,1,2
2024-01-11,1.0975141525268557,1.0991426706314087,1.093147039413452,1.0975141525268557,0,0.39071904866585516,2024,1,3
2024-01-12,1.0981649160385132,1.098659634590149,1.0937089920043943,1.0981649160385132,0,0.05929431617435199,2024,1,4
2024-01-15,1.094570875167847,1.0958904027938845,1.0934100151062012,1.094570875167847,0,-0.32727697071505135,2024,1,0
2024-01-16,1.094570875167847,1.094666838645935,1.086708426475525,1.094570875167847,0,0.0,2024,1,1
2024-01-17,1.087878942489624,1.0884946584701538,1.0845398902893066,1.087878942489624,0,-0.6113749991015105,2024,1,2
2024-01-18,1.0885775089263916,1.0907504558563232,1.084869384765625,1.0885775089263916,0,0.06421361876616238,2024,1,3
2024-01-19,1.0879143476486206,1.0892653465270996,1.0868265628814695,1.0879143476486206,0,-0.06091998707791202,2024,1,4
2024-01-22,1.089229702949524,1.0909883975982666,1.0880327224731443,1.089229702949524,0,0.12090614520767762,2024,1,0
2024-01-23,1.088020920753479,1.0918222665786743,1.0824267864227295,1.088020920753479,0,-0.11097587522371777,2024,1,1
2024-01-24,1.0857881307601929,1.093147039413452,1.0851871967315674,1.0857881307601929,0,-0.205215722482599,2024,1,2
2024-01-25,1.088174819946289,1.0900371074676514,1.0826143026351929,1.088174819946289,0,0.21981168503151238,2024,1,3
2024-01-26,1.0847046375274658,1.0883287191390991,1.0813382863998413,1.0847046375274658,0,-0.3188993491867853,2024,1,4
2024-01-29,1.0843517780303955,1.084975242614746,1.079715371131897,1.0843517780303955,0,-0.03253046819037264,2024,1,0
2024-01-30,1.0834470987319946,1.085564136505127,1.0812681913375854,1.0834470987319946,0,-0.08343042513787591,2024,1,1
2024-01-31,1.08433997631073,1.088565707206726,1.0807656049728394,1.08433997631073,0,0.08241081449942289,2024,1,2
2024-02-01,1.0803920030593872,1.086555004119873,1.078027606010437,1.0803920030593872,0,-0.3640899844691736,2024,2,3
2024-02-02,1.0874648094177246,1.0897995233535769,1.0783065557479858,1.0874648094177246,0,0.6546518613900432,2024,2,4
2024-02-05,1.0780043601989746,1.0787487030029297,1.072466492652893,1.0780043601989746,0,-0.8699545159365218,2024,2,0
2024-02-06,1.0741831064224243,1.076310396194458,1.0724550485610962,1.0741831064224243,0,-0.3544747978426521,2024,2,1
2024-02-07,1.075719952583313,1.0784345865249634,1.0756388902664185,1.075719952583313,0,0.1430711534839757,2024,2,2
2024-02-08,1.077574610710144,1.0789813995361328,1.074310064315796,1.077574610710144,0,0.17241086979722375,2024,2,3
2024-02-09,1.077725529670715,1.0794472694396973,1.0763914585113523,1.077725529670715,0,0.014005430257091334,2024,2,4
2024-02-12,1.0798202753067017,1.0805437564849854,1.0757662057876587,1.0798202753067017,0,0.19436726497761292,2024,2,0
2024-02-13,1.0772264003753662,1.079563856124878,1.0702054500579834,1.0772264003753662,0,-0.24021357911608865,2024,2,1
2024-02-14,1.070893168449402,1.0734450817108154,1.069553017616272,1.070893168449402,0,-0.5879202295596575,2024,2,2
2024-02-15,1.073214769363403,1.0786322355270386,1.072524070739746,1.073214769363403,0,0.21679108452643536,2024,2,3
2024-02-16,1.0773887634277344,1.0780508518218994,1.0734450817108154,1.0773887634277344,0,0.38892439644742094,2024,2,4
2024-02-19,1.0784461498260498,1.0789813995361328,1.0762988328933716,1.0784927606582642,0,0.10246971826746165,2024,2,0
2024-02-20,1.0775396823883057,1.0838581323623655,1.0762524604797363,1.0775396823883057,0,-0.08837131826242572,2024,2,1
2024-02-21,1.0813149213790894,1.0822510719299316,1.0791910886764526,1.0813149213790894,0,0.3503573049315589,2024,2,2
2024-02-22,1.082040309906006,1.0886249542236328,1.0805087089538574,1.082040309906006,0,0.06708392833343346,2024,2,3
2024-02-23,1.0825674533843994,1.0839403867721558,1.0813733339309692,1.0825674533843994,0,0.048717545323162526,2024,2,4
2024-02-26,1.081958293914795,1.0859060287475586,1.0813382863998413,1.0820051431655884,0,-0.05194228009101076,2024,2,0
2024-02-27,1.0850930213928225,1.086614012718201,1.083364963531494,1.0850930213928225,0,0.285384801240407,2024,2,1
2024-02-28,1.084481120109558,1.0847163200378418,1.0798670053482056,1.084481120109558,0,-0.05639159695994822,2024,2,2
2024-02-29,1.0838816165924072,1.085587739944458,1.0805671215057373,1.0838816165924072,0,-0.05528021705811792,2024,2,3
2024-03-01,1.0804970264434814,1.0841518640518188,1.079925298690796,1.0804970264434814,0,-0.31226566602047257,2024,3,4
2024-03-04,1.084269404411316,1.0866494178771973,1.0838581323623655,1.084269404411316,0,0.3491335816306229,2024,3,0
2024-03-05,1.0855170488357544,1.087535738945007,1.084269404411316,1.0855170488357544,0,0.11506775155347704,2024,3,1
2024-03-06,1.0855995416641235,1.091405153274536,1.084293007850647,1.0855995416641235,0,0.007599404215485883,2024,3,2
2024-03-07,1.089953899383545,1.0940918922424316,1.086932897567749,1.089953899383545,0,0.40110165418332233,2024,3,3
2024-03-08,1.0950144529342651,1.097803235054016,1.0927051305770874,1.0950144529342651,0,0.46429060472945594,2024,3,4
2024-03-11,1.0942955017089844,1.09505033493042,1.0914647579193115,1.0942955017089844,0,-0.0656567795387697,2024,3,0
2024-03-12,1.093135118484497,1.0942115783691406,1.0903223752975464,1.093135118484497,0,-0.10603929401840073,2024,3,1
2024-03-13,1.0927767753601074,1.0949305295944214,1.0920488834381104,1.0927767753601074,0,-0.03278122880970846,2024,3,2
2024-03-14,1.0955302715301514,1.0954701900482178,1.0884116888046265,1.0955302715301514,0,0.2519724276841995,2024,3,3
2024-03-15,1.0883406400680542,1.0901559591293335,1.0873819589614868,1.0883406400680542,0,-0.6562695389562556,2024,3,4
2024-03-18,1.0882576704025269,1.0907504558563232,1.0880801677703855,1.0882576704025269,0,-0.007623501546549782,2024,3,0
2024-03-19,1.087393879890442,1.0877841711044312,1.0835057497024536,1.087393879890442,0,-0.07937371227215717,2024,3,1
2024-03-20,1.0863306522369385,1.0874292850494385,1.0836936235427856,1.0863306522369385,0,-0.09777760139780822,2024,3,2
2024-03-21,1.0937210321426392,1.0944511890411377,1.0856467485427856,1.0937210321426392,0,0.6803066718666706,2024,3,3
2024-03-22,1.0862362384796145,1.08695650100708,1.080905795097351,1.0862362384796145,0,-0.6843421167792352,2024,3,4
2024-03-25,1.0807539224624634,1.0843634605407717,1.080263614654541,1.0807539224624634,0,-0.5047075233675313,2024,3,0
2024-03-26,1.0838228464126587,1.0864133834838867,1.082602620124817,1.0838228464126587,0,0.2839613982804634,2024,3,1
2024-03-27,1.0832358598709106,1.0839285850524902,1.081174612045288,1.0832358598709106,0,-0.05415890093947162,2024,3,2
2024-03-28,1.0813382863998413,1.0828369855880735,1.0775513648986816,1.0813382863998413,0,-0.17517638968261862,2024,3,3
2024-03-29,1.0794472694396973,1.0807305574417114,1.0768898725509644,1.0794472694396973,0,-0.17487746285576034,2024,3,4
2024-04-01,1.0792726278305054,1.0801469087600708,1.0731571912765503,1.0792726278305054,0,-0.016178799477861716,2024,4,0
2024-04-02,1.0737217664718628,1.0778765678405762,1.072535514831543,1.0737217664718628,0,-0.5143150317636236,2024,4,1
2024-04-03,1.076855182647705,1.0831888914108276,1.0764726400375366,1.076855182647705,0,0.2918275733701847,2024,4,2
2024-04-04,1.0838346481323242,1.087583065032959,1.0835057497024536,1.0838346481323242,0,0.6481340849805228,2024,4,3
2024-04-05,1.0837054252624512,1.084845781326294,1.079167723655701,1.0837054252624512,0,-0.011922747634585118,2024,4,4
2024-04-08,1.0830481052398682,1.085835337638855,1.0821573734283447,1.0830481052398682,0,-0.06065486129902542,2024,4,0
2024-04-09,1.0863661766052246,1.0888501405715942,1.0849870443344116,1.0863661766052246,0,0.30636417249643166,2024,4,1
2024-04-10,1.0859296321868896,1.0868383646011353,1.073375940322876,1.0859296321868896,0,-0.04018391107306618,2024,4,2
2024-04-11,1.074171543121338,1.0755810737609863,1.0700452327728271,1.074171543121338,0,-1.0827671256997462,2024,4,3
2024-04-12,1.0726851224899292,1.072961449623108,1.062371850013733,1.0726851224899292,0,-0.13837832894822988,2024,4,4
2024-04-15,1.0649627447128296,1.0665528774261477,1.0623606443405151,1.0649627447128296,0,-0.7199109613056143,2024,4,0
2024-04-16,1.0625749826431274,1.065405249595642,1.0604116916656494,1.0625749826431274,0,-0.22421085446946432,2024,4,1
2024-04-17,1.0621461868286133,1.0652689933776855,1.0608166456222534,1.0621461868286133,0,-0.040354405243714364,2024,4,2
2024-04-18,1.0669398307800293,1.0691757202148438,1.0647813081741333,1.0669398307800293,0,0.451316778317401,2024,4,3
2024-04-19,1.0644185543060305,1.0680338144302368,1.061176896095276,1.0644185543060305,0,-0.2363091527059713,2024,4,4
2024-04-22,1.0657799243927002,1.067121982574463,1.0625072717666626,1.065825343132019,0,0.13216500410457854,2024,4,0
2024-04-23,1.065405249595642,1.0709964036941528,1.0639317035675049,1.065405249595642,0,-0.039414857141839565,2024,4,1
2024-04-24,1.0704345703125,1.0715816020965576,1.0679197311401367,1.0704345703125,0,0.47205706173933937,2024,4,2
2024-04-25,1.0699878931045532,1.0731916427612305,1.0678740739822388,1.0699878931045532,0,-0.04172858578515015,2024,4,3
2024-04-26,1.072961449623108,1.0752919912338257,1.0675548315048218,1.072961449623108,0,0.2779056228315868,2024,4,4
2024-04-29,1.0706866979599,1.0735372304916382,1.0690956115722656,1.0706866979599,0,-0.2120068399481645,2024,4,0
2024-04-30,1.0715701580047607,1.0736525058746338,1.068433165550232,1.0715701580047607,0,0.08251340439218158,2024,4,1
2024-05-01,1.0666552782058716,1.0688670873641968,1.0650080442428589,1.0666552782058716,0,-0.45866150360519553,2024,5,2
2024-05-02,1.0721560716629028,1.0730764865875244,1.0675777196884155,1.0721560716629028,0,0.5157048926138108,2024,5,3
2024-05-03,1.073306918144226,1.080940842628479,1.0725010633468628,1.073306918144226,0,0.10733945474359352,2024,5,4
2024-05-06,1.0758124589920044,1.079214334487915,1.0756388902664185,1.0758124589920044,0,0.23344122780000198,2024,5,0
2024-05-07,1.0767507553100586,1.0789813995361328,1.0755810737609863,1.0767507553100586,0,0.08721746157627219,2024,5,1
2024-05-08,1.0750491619110107,1.0758472681045532,1.0735719203948977,1.0750491619110107,0,-0.15803038824503401,2024,5,2
2024-05-09,1.0746910572052002,1.078283429145813,1.0725126266479492,1.0746910572052002,0,-0.033310542298736756,2024,5,3
2024-05-10,1.078515887260437,1.0793308019638062,1.0762062072753906,1.078515887260437,0,0.3559004264149568,2024,5,4
2024-05-13,1.077040672302246,1.0807305574417114,1.0766464471817017,1.077040672302246,0,-0.13678194040684932,2024,5,0
2024-05-14,1.079354166984558,1.0828369855880735,1.0776442289352417,1.079354166984558,0,0.21480105086160162,2024,5,1
2024-05-15,1.0814552307128906,1.0874292850494385,1.0813616514205933,1.0814552307128906,0,0.1946593428366894,2024,5,2
2024-05-16,1.0889805555343628,1.089680790901184,1.0855170488357544,1.0889805555343628,0,0.6958517197712899,2024,5,3
2024-05-17,1.0867793560028076,1.087890625,1.0836349725723269,1.0867793560028076,0,-0.2021339610122852,2024,5,4
2024-05-20,1.0875475406646729,1.0884946584701538,1.0855052471160889,1.0875475406646729,0,0.07068450993499287,2024,5,0
2024-05-21,1.086082935333252,1.0875475406646729,1.0845986604690552,1.086082935333252,0,-0.1346704651206121,2024,5,1
2024-05-22,1.0855170488357544,1.0864840745925903,1.0822510719299316,1.0855170488357544,0,-0.05210343327269884,2024,5,2
2024-05-23,1.0825204849243164,1.086130142211914,1.0813032388687134,1.0825204849243164,0,-0.27604945630765876,2024,5,3
2024-05-24,1.0812681913375854,1.0856584310531616,1.0806137323379517,1.0812681913375854,0,-0.11568313063549107,2024,5,4
2024-05-27,1.0847634077072144,1.08672034740448,1.0841753482818604,1.0847634077072144,0,0.32325156678336686,2024,5,0
2024-05-28,1.0861891508102417,1.0889450311660769,1.0859060287475586,1.0861891508102417,0,0.13143355434903636,2024,5,1
2024-05-29,1.0851871967315674,1.085894227027893,1.080952525138855,1.0851871967315674,0,-0.09224489840714556,2024,5,2
2024-05-30,1.0801819562911987,1.0845986604690552,1.0788999795913696,1.0801819562911987,0,-0.4612329057552267,2024,5,3
2024-05-31,1.0835410356521606,1.0882576704025269,1.081162929534912,1.0835410356521606,0,0.31097347455193436,2024,5,4
2024-06-03,1.0853049755096436,1.0890873670578003,1.0828019380569458,1.0853049755096436,0,0.16279400589764847,2024,6,0
2024-06-04,1.0907385349273682,1.0918222665786743,1.0860711336135864,1.0907385349273682,0,0.5006481625289716,2024,6,1
2024-06-05,1.0881866216659546,1.088992476463318,1.0860947370529177,1.0881866216659546,0,-0.23396196060713192,2024,6,2
2024-06-06,1.087453007698059,1.0898706912994385,1.0863661766052246,1.087453007698059,0,-0.0674161906872528,2024,6,3
2024-06-07,1.0894432067871094,1.090179681777954,1.0804970264434814,1.0894432067871094,0,0.18301472109247818,2024,6,4
2024-06-10,1.077888250350952,1.078283429145813,1.073364496231079,1.077888250350952,0,-1.0606295366450857,2024,6,0
2024-06-11,1.0764262676239014,1.0773539543151855,1.0721101760864258,1.0764262676239014,0,-0.13563397936423582,2024,6,1
2024-06-12,1.07403302192688,1.085175395011902,1.073502779006958,1.07403302192688,0,-0.22233252467018794,2024,6,2
2024-06-13,1.0813149213790894,1.0817828178405762,1.075384497642517,1.0813149213790894,0,0.6779958626546678,2024,6,3
2024-06-14,1.0738831758499146,1.0745755434036257,1.0668145418167114,1.0738831758499146,0,-0.687287799533598,2024,6,4
2024-06-17,1.0702168941497805,1.0726161003112793,1.068764328956604,1.0702168941497805,0,-0.34140414735824853,2024,6,0
2024-06-18,1.0740677118301392,1.0761250257492063,1.071111083030701,1.0740677118301392,0,0.35981656628751857,2024,6,1
2024-06-19,1.0742292404174805,1.075326681137085,1.0726275444030762,1.0742292404174805,0,0.015038957559387889,2024,6,2
2024-06-20,1.0751532316207886,1.0750375986099243,1.0707554817199707,1.0751532316207886,0,0.08601434112416317,2024,6,3
2024-06-21,1.0706409215927124,1.0722709894180298,1.0671902894973757,1.0706409215927124,0,-0.4196899470109816,2024,6,4
2024-06-24,1.0687757730484009,1.074702501296997,1.0684444904327393,1.0687757730484009,0,-0.17420859848481518,2024,6,0
2024-06-25,1.0732723474502563,1.0745755434036257,1.0692213773727417,1.0732723474502563,0,0.42072196200988454,2024,6,1
2024-06-26,1.0709619522094729,1.072041153907776,1.0667691230773926,1.0709619522094729,0,-0.21526644623540703,2024,6,2
2024-06-27,1.068010926246643,1.0726161003112793,1.0677828788757324,1.068010926246643,0,-0.275549094600569,2024,6,3
2024-06-28,1.0708472728729248,1.0720986127853394,1.0686043500900269,1.0708472728729248,0,0.2655728098447163,2024,6,4
2024-07-01,1.0735257863998413,1.077818512916565,1.072075605392456,1.0735257863998413,0,0.2501303028703994,2024,7,0
2024-07-02,1.0737102031707764,1.0746102333068848,1.0710651874542236,1.0737102031707764,0,0.017178606538514885,2024,7,1
2024-07-03,1.0748412609100342,1.081560492515564,1.0737102031707764,1.0748412609100342,0,0.10534106278563549,2024,7,2
2024-07-04,1.0793308019638062,1.0816657543182373,1.0784229040145874,1.0793308019638062,0,0.41769340432380453,2024,7,3
2024-07-05,1.0810693502426147,1.0838346481323242,1.0810693502426147,1.0810693502426147,0,0.16107649996139894,2024,7,4
2024-07-08,1.082602620124817,1.0847163200378418,1.0815136432647705,1.082602620124817,0,0.14182900309382962,2024,7,0
2024-07-09,1.0830950736999512,1.0834236145019531,1.0806254148483276,1.0830950736999512,0,0.045487934906107697,2024,7,1
2024-07-10,1.0814785957336426,1.0828721523284912,1.081186294555664,1.0814785957336426,0,-0.14924617474129098,2024,7,2
2024-07-11,1.083329677581787,1.0898351669311523,1.0832945108413696,1.083329677581787,0,0.171162134456182,2024,7,3
2024-07-12,1.0872756242752075,1.091119408607483,1.086307168006897,1.0872756242752075,0,0.3642424623895302,2024,7,4
2024-07-15,1.0885539054870603,1.0921919345855713,1.088435411453247,1.0885539054870603,0,0.11756735673209562,2024,7,0
2024-07-16,1.0901559591293335,1.0906314849853516,1.0872164964675903,1.0901559591293335,0,0.14717265118409095,2024,7,1
2024-07-17,1.0902509689331057,1.0947147607803345,1.089633226394653,1.0902509689331057,0,0.00871524876568941,2024,7,2
2024-07-18,1.094020128250122,1.0942115783691406,1.0905362367630005,1.094020128250122,0,0.3457148330447968,2024,7,3
2024-07-19,1.0901559591293335,1.0901559591293335,1.0877368450164795,1.0901559591293335,0,-0.353208229081603,2024,7,4
2024-07-22,1.0899182558059692,1.0901559591293335,1.0873701572418213,1.0899182558059692,0,-0.02180452451537862,2024,7,0
2024-07-23,1.0889805555343628,1.0900371074676514,1.084445834159851,1.0889805555343628,0,-0.08603399994553396,2024,7,1
2024-07-24,1.0850694179534912,1.0866494178771973,1.0826728343963623,1.0850694179534912,0,-0.359155869312322,2024,7,2
2024-07-25,1.0839520692825315,1.0864368677139282,1.0829308032989502,1.0839520692825315,0,-0.1029748560296806,2024,7,3
2024-07-26,1.0851283073425293,1.0868501663208008,1.084269404411316,1.0851283073425293,0,0.10851384423080646,2024,7,4
2024-07-29,1.0853756666183472,1.0871928930282593,1.0803102254867554,1.0853756666183472,0,0.022795394253760648,2024,7,0
2024-07-30,1.081946611404419,1.0837758779525757,1.0799952745437622,1.081946611404419,0,-0.3159325678096292,2024,7,1
2024-07-31,1.081607222557068,1.0851871967315674,1.0808707475662231,1.081607222557068,0,-0.03136835438768415,2024,7,2
2024-08-01,1.082391619682312,1.0837758779525757,1.0778300762176514,1.082391619682312,0,0.07252143928824228,2024,8,3
2024-08-02,1.078760266304016,1.0926215648651123,1.0782949924468994,1.078760266304016,0,-0.33549348611567886,2024,8,4
2024-08-05,1.0910836458206177,1.1007397174835205,1.089372158050537,1.0910836458206177,0,1.1423649815007986,2024,8,0
2024-08-06,1.0950982570648191,1.09631085395813,1.0904649496078491,1.0950982570648191,0,0.36794715598380545,2024,8,1
2024-08-07,1.0926215648651123,1.093637228012085,1.0906909704208374,1.0926215648651123,0,-0.2261616420014323,2024,8,2
2024-08-08,1.0928125381469729,1.0946906805038452,1.0882340669631958,1.0928125381469729,0,0.017478447067276193,2024,8,3
2024-08-09,1.0915720462799072,1.093135118484497,1.0909645557403564,1.0915720462799072,0,-0.11351369276647594,2024,8,4
2024-08-12,1.091381311416626,1.0939722061157229,1.0913337469100952,1.091381311416626,0,-0.017473410383794796,2024,8,0
2024-08-13,1.0936251878738403,1.0962508916854858,1.0915720462799072,1.0936251878738403,0,0.2055996775592428,2024,8,1
2024-08-14,1.0996986627578735,1.1048502922058103,1.098828673362732,1.0996986627578735,0,0.5553525057191644,2024,8,2
2024-08-15,1.101321578025818,1.1016855239868164,1.09505033493042,1.101321578025818,0,0.1475781796328235,2024,8,3
2024-08-16,1.0972732305526731,1.1004369258880615,1.0973695516586304,1.0972732305526731,0,-0.36758995319077226,2024,8,4
2024-08-19,1.1024993658065796,1.1072603464126587,1.1023900508880615,1.1024993658065796,0,0.4762838560523397,2024,8,0
2024-08-20,1.1086474657058716,1.1117286682128906,1.107248067855835,1.1086474657058716,0,0.5576511052951094,2024,8,1
2024-08-21,1.112792730331421,1.1148271560668943,1.11055588722229,1.112792730331421,0,0.37390286396496997,2024,8,2
2024-08-22,1.115536093711853,1.1157476902008057,1.1099271774291992,1.115536093711853,0,0.24652959222828397,2024,8,3
2024-08-23,1.111716389656067,1.1195951700210571,1.110679268836975,1.111716389656067,0,-0.342409723658188,2024,8,4
2024-08-26,1.118793487548828,1.1201093196868896,1.1152873039245603,1.118793487548828,0,0.6365920264025604,2024,8,0
2024-08-27,1.1164700984954834,1.117955446243286,1.11512553691864,1.1164700984954834,0,-0.20766916139589586,2024,8,1
2024-08-28,1.117793083190918,1.1181930303573608,1.1105434894561768,1.117793083190918,0,0.11849710056877072,2024,8,2
2024-08-29,1.1124955415725708,1.1140199899673462,1.1056320667266846,1.1124955415725708,0,-0.4739286454720659,2024,8,3
2024-08-30,1.10804545879364,1.109570026397705,1.1053999662399292,1.10804545879364,0,-0.4000090438691095,2024,8,4
2024-09-02,1.1044842004776,1.1077632904052734,1.1042524576187134,1.1044842004776,0,-0.3214000190855937,2024,9,0
2024-09-03,1.1067456007003784,1.107051968574524,1.1033751964569092,1.1067456007003784,0,0.20474717717107183,2024,9,1
2024-09-04,1.1048868894577026,1.1093976497650146,1.1040817499160769,1.1048868894577026,0,-0.16794385642910914,2024,9,2
2024-09-05,1.10804545879364,1.112112045288086,1.1075178384780884,1.10804545879364,0,0.28587264145087943,2024,9,3
2024-09-06,1.1111111640930176,1.1149640083312988,1.1067211627960205,1.1111111640930176,0,0.27667685247456664,2024,9,4
2024-09-09,1.1087212562561035,1.109139323234558,1.10349702835083,1.1087212562561035,0,-0.21509169506589432,2024,9,0
2024-09-10,1.1037527322769165,1.1050333976745603,1.101624846458435,1.1037527322769165,0,-0.44813102943156435,2024,9,1
2024-09-11,1.1020983457565308,1.1054977178573608,1.100279450416565,1.1020983457565308,0,-0.14988742242775244,2024,9,2
2024-09-12,1.1010911464691162,1.1047526597976685,1.1006548404693604,1.1010911464691162,0,-0.09138923865484871,2024,9,3
2024-09-13,1.1077877283096311,1.1102476119995115,1.1073951721191406,1.1077877283096311,0,0.6081768854457659,2024,9,4
2024-09-16,1.1088441610336304,1.1135361194610596,1.1087088584899902,1.1088441610336304,0,0.09536418367905863,2024,9,0
2024-09-17,1.1129536628723145,1.1146159172058103,1.1113086938858032,1.1129536628723145,0,0.3706113070797379,2024,9,1
2024-09-18,1.1123099327087402,1.1140819787979126,1.110913634300232,1.1123099327087402,0,-0.05783979918021487,2024,9,2
2024-09-19,1.1114816665649414,1.118067979812622,1.107051968574524,1.1114816665649414,0,-0.07446361121506984,2024,9,3
2024-09-20,1.1161960363388062,1.1181679964065552,1.1137346029281616,1.1161960363388062,0,0.42415182505299853,2024,9,4
2024-09-23,1.1160838603973389,1.1168192625045776,1.1084877252578735,1.1160838603973389,0,-0.010049842305048795,2024,9,0
2024-09-24,1.111172795295715,1.1163455247879028,1.1103955507278442,1.111172795295715,0,-0.4400265316869101,2024,9,1
2024-09-25,1.1191190481185913,1.1212396621704102,1.1141688823699951,1.1191190481185913,0,0.7151230534546693,2024,9,2
2024-09-26,1.1131023168563845,1.118956208229065,1.112681269645691,1.1131023168563845,0,-0.5376310297212639,2024,9,3
2024-09-27,1.117717981338501,1.1199839115142822,1.1126564741134644,1.117717981338501,0,0.41466668537282203,2024,9,4
2024-09-30,1.1169815063476562,1.1208375692367554,1.1136106252670288,1.1169815063476562,0,-0.06589094951865437,2024,9,0
2024-10-01,1.113660216331482,1.1145787239074707,1.1061090230941772,1.113660216331482,0,-0.29734512140978664,2024,10,1
2024-10-02,1.1063904762268066,1.108217477798462,1.1034117937088013,1.1063904762268066,0,-0.6527790072830886,2024,10,2
2024-10-03,1.1048502922058103,1.1048502922058103,1.1009578704833984,1.1048502922058103,0,-0.1392079970038207,2024,10,3
2024-10-04,1.103557825088501,1.103996515274048,1.095614314079285,1.103557825088501,0,-0.11698119884903102,2024,10,4
2024-10-07,1.0974539518356323,1.0985027551651,1.095554232597351,1.0974539518356323,0,-0.5531086014798681,2024,10,0
2024-10-08,1.0975743532180786,1.0997470617294312,1.096166729927063,1.0975743532180786,0,0.010970973519652816,2024,10,1
2024-10-09,1.0975743532180786,1.098056435585022,1.094067931175232,1.0975743532180786,0,0.0,2024,10,2
2024-10-10,1.0943313837051392,1.095446228981018,1.091405153274536,1.0943313837051392,0,-0.2954669543280719,2024,10,3
2024-10-11,1.0933860540390017,1.0954222679138184,1.0927408933639526,1.0933860540390017,0,-0.08638422329960704,2024,10,4
2024-10-14,1.0925379991531372,1.0939722061157229,1.0905719995498655,1.0925379991531372,0,-0.07756225559414354,2024,10,0
2024-10-15,1.0909169912338257,1.0918222665786743,1.0885775089263916,1.0909169912338257,0,-0.1483708503107417,2024,10,1
2024-10-16,1.0884116888046265,1.0901559591293335,1.0868147611618042,1.0884116888046265,0,-0.22965105955181642,2024,10,2
2024-10-17,1.0862481594085691,1.0869920253753662,1.0813850164413452,1.0862481594085691,0,-0.19877858886589994,2024,10,3
2024-10-18,1.0829542875289917,1.0863661766052246,1.0828253030776978,1.0829542875289917,0,-0.30323382838879365,2024,10,4
2024-10-21,1.0868619680404663,1.08695650100708,1.0821105241775513,1.0868619680404663,0,0.3608352223611222,2024,10,0
2024-10-22,1.0817828178405762,1.0837758779525757,1.0801936388015747,1.0817828178405762,0,-0.46732247049250386,2024,10,1
2024-10-23,1.079727053642273,1.0808473825454712,1.0762641429901123,1.079727053642273,0,-0.19003483549562272,2024,10,2
2024-10-24,1.0780508518218994,1.0810226202011108,1.0771567821502686,1.0780508518218994,0,-0.15524310655355977,2024,10,3
2024-10-25,1.0824151039123535,1.0842459201812744,1.081186294555664,1.0824151039123535,0,0.4048280359946421,2024,10,4
2024-10-28,1.0796570777893066,1.082719802856445,1.078271746635437,1.0796570777893066,0,-0.2548029968427179,2024,10,0
2024-10-29,1.0816774368286133,1.0826259851455688,1.077040672302246,1.0816774368286133,0,0.1871296989450988,2024,10,1
2024-10-30,1.0820636749267578,1.0866730213165283,1.0809992551803589,1.0820636749267578,0,0.03570732687898648,2024,10,2
2024-10-31,1.085917830467224,1.0888383388519287,1.0845046043395996,1.085917830467224,0,0.35618565060202556,2024,10,3
2024-11-01,1.0886130332946775,1.0904054641723633,1.084845781326294,1.0886130332946775,0,0.24819583506552334,2024,11,4
2024-11-04,1.087453007698059,1.0915838479995728,1.0870392322540283,1.087453007698059,0,-0.10655995851047706,2024,11,0
2024-11-05,1.0874056816101074,1.0921800136566162,1.0873347520828247,1.0874056816101074,0,-0.004352012235619984,2024,11,1
2024-11-06,1.093445897102356,1.0933382511138916,1.068376064300537,1.093445897102356,0,0.5554702899202235,2024,11,2
2024-11-07,1.073306918144226,1.082602620124817,1.0714094638824463,1.073306918144226,0,-1.841790161863377,2024,11,3
2024-11-08,1.0795172452926636,1.0797386169433594,1.07104229927063,1.0795172452926636,0,0.5786161482286278,2024,11,4
2024-11-11,1.0714898109436035,1.072846293449402,1.0628799200057983,1.0714898109436035,0,-0.7436133497694897,2024,11,0
2024-11-12,1.066439151763916,1.0663481950759888,1.059703707695007,1.066439151763916,0,-0.4713679148511618,2024,11,1
2024-11-13,1.061672568321228,1.0649060010910034,1.0559773445129397,1.061672568321228,0,-0.4469625327243376,2024,11,2
2024-11-14,1.0564124584197998,1.0580891370773315,1.0499238967895508,1.0564124584197998,0,-0.49545500735181935,2024,11,3
2024-11-15,1.0530084371566772,1.0591648817062378,1.052443265914917,1.0530084371566772,0,-0.3222246420885977,2024,11,4
2024-11-18,1.0533745288848877,1.0586491823196411,1.0531193017959597,1.0533745288848877,0,0.034766267324415345,2024,11,0
2024-11-19,1.059490442276001,1.0601080656051636,1.052853226661682,1.059490442276001,0,0.5806019818599184,2024,11,1
2024-11-20,1.0607603788375854,1.0612331628799438,1.0508506298065186,1.0607603788375854,0,0.1198629558994746,2024,11,2
2024-11-21,1.0546187162399292,1.0557432174682615,1.0469120740890503,1.0546187162399292,0,-0.5789868023150069,2024,11,3
2024-11-22,1.0469341278076172,1.0498688220977783,1.0339871644973757,1.0469341278076172,0,-0.7286603503216971,2024,11,4
2024-11-25,1.0479873418807983,1.0529640913009644,1.0449539422988892,1.0479873418807983,0,0.10059984149974888,2024,11,0
2024-11-26,1.0444300174713137,1.0543851852416992,1.0427310466766355,1.0444300174713137,0,-0.339443451969601,2024,11,1
2024-11-27,1.0491198301315308,1.0583466291427612,1.0475481748580933,1.0491198301315308,0,0.4490308188931369,2024,11,2
2024-11-28,1.0562450885772705,1.0565240383148191,1.0529197454452517,1.0562450885772705,0,0.6791653575785039,2024,11,3
2024-11-29,1.0563008785247805,1.0595465898513794,1.0542962551116943,1.0563008785247805,0,0.005281913081844891,2024,11,4
2024-12-02,1.0545742511749268,1.0545742511749268,1.0462220907211304,1.0545074939727783,0,-0.16977970845832857,2024,12,0
2024-12-03,1.0501223802566528,1.0530306100845337,1.048185110092163,1.0501223802566528,0,-0.4158447181446645,2024,12,1
2024-12-04,1.0510826110839844,1.0540074110031128,1.047394633293152,1.0510826110839844,0,0.09143989742383951,2024,12,2
2024-12-05,1.051414132118225,1.0588284730911257,1.050894856452942,1.051414132118225,0,0.03154091131798431,2024,12,3
2024-12-06,1.058559536933899,1.0626428127288818,1.0546075105667114,1.058559536933899,0,0.6795994648919557,2024,12,4
2024-12-09,1.056546330451965,1.0592771768569946,1.0533078908920288,1.056546330451965,0,-0.19018358549439673,2024,12,0
2024-12-10,1.0555204153060913,1.056747317314148,1.0500340461730957,1.0555204153060913,0,-0.09710081955752736,2024,12,1
2024-12-11,1.0532968044281006,1.054073929786682,1.0481630563735962,1.0532968044281006,0,-0.2106648858464677,2024,12,2
2024-12-12,1.0506850481033323,1.052997350692749,1.0464848279953003,1.0506850481033323,0,-0.2479601489141836,2024,12,3
2024-12-13,1.0474056005477903,1.0522992610931396,1.045434594154358,1.0474056005477903,0,-0.31212470011464655,2024,12,4
2024-12-16,1.051005244255066,1.0524100065231323,1.0475043058395386,1.051005244255066,0,0.3436723753809323,2024,12,0
2024-12-17,1.0517348051071167,1.0532857179641724,1.047998309135437,1.0517348051071167,0,0.06941552918395821,2024,12,1
2024-12-18,1.0495051145553589,1.0515247583389282,1.0467805862426758,1.0495051145553589,0,-0.21200121370241742,2024,12,2
2024-12-19,1.0350252389907837,1.0422203540802002,1.0352503061294556,1.0350252389907837,0,-1.379686040949868,2024,12,3
2024-12-20,1.0364949703216553,1.0433076620101929,1.0344257354736328,1.0364949703216553,0,0.14199956440721362,2024,12,4
2024-12-23,1.0433076620101929,1.0448229312896729,1.038594126701355,1.0433076620101929,0,0.6572816929756531,2024,12,0
2024-12-24,1.0405826568603516,1.04112446308136,1.0387451648712158,1.0405826568603516,0,-0.2611890288039209,2024,12,1
2024-12-25,1.0402579307556152,1.0432968139648438,1.040149807929993,1.0402579307556152,0,-0.03120618074839987,2024,12,2
2024-12-26,1.0399551391601562,1.042535424232483,1.0391446352005005,1.0399551391601562,0,-0.029107357560742564,2024,12,3
2024-12-27,1.0423181056976318,1.0444954633712769,1.0406694412231443,1.0423181056976318,0,0.22721812206090153,2024,12,4
2024-12-30,1.0429377555847168,1.0458500385284424,1.037419676780701,1.0429377555847168,0,0.059449210725381896,2024,12,0
2024-12-31,1.040615200996399,1.042426824569702,1.0348539352416992,1.040615200996399,0,-0.22269349976842268,2024,12,1
2025-01-02,1.0351860523223877,1.0375596284866333,1.0231853723526,1.0351860523223877,0,-0.5217249054994322,2025,1,3
2025-01-03,1.0268205404281616,1.030534744262695,1.0265464782714844,1.0268205404281616,0,-0.808116751134591,2025,1,4
2025-01-06,1.030534744262695,1.0435036420822144,1.029632806777954,1.030534744262695,0,0.3617188874099453,2025,1,0
2025-01-07,1.0386372804641724,1.043623447418213,1.035947322845459,1.0386372804641724,0,0.786245805547714,2025,1,1
2025-01-08,1.034554123878479,1.0358400344848633,1.0276752710342407,1.034554123878479,0,-0.39312632643694334,2025,1,2
2025-01-09,1.0314701795578003,1.0323113203048706,1.0286160707473757,1.0314701795578003,0,-0.29809405322528404,2025,1,3
2025-01-10,1.0297601222991943,1.0311936140060425,1.0221186876296997,1.0297601222991943,0,-0.16578833712275198,2025,1,4
2025-01-13,1.0244431495666504,1.025020718574524,1.0183818340301514,1.0244431495666504,0,-0.5163311937805948,2025,1,0
2025-01-14,1.026525378227234,1.0303966999053955,1.0239711999893188,1.026525378227234,0,0.2032546814788594,2025,1,1
2025-01-15,1.030683517456055,1.0350252389907837,1.0270631313323977,1.030683517456055,0,0.40506930632360216,2025,1,2
2025-01-16,1.0295268297195437,1.0311510562896729,1.0263779163360596,1.0295268297195437,0,-0.11222530650011331,2025,1,3
2025-01-17,1.0301949977874756,1.0329724550247192,1.0266518592834473,1.0301949977874756,0,0.06490050075858012,2025,1,4
2025-01-20,1.0277386903762815,1.0427310466766355,1.0279394388198853,1.0277386903762815,0,-0.23843130829303005,2025,1,0
2025-01-21,1.0420682430267334,1.0434056520462036,1.034457802772522,1.0420682430267334,0,1.3942797702016563,2025,1,1
2025-01-22,1.040593504905701,1.0458062887191772,1.0400739908218384,1.040593504905701,0,-0.14152030165980323,2025,1,2
2025-01-23,1.0410159826278689,1.042546272277832,1.0385618209838867,1.0410159826278689,0,0.040599688560072345,2025,1,3
2025-01-24,1.041601538658142,1.051934003829956,1.0413196086883545,1.041601538658142,0,0.056248514916656944,2025,1,4
2025-01-27,1.0467586517333984,1.0533745288848877,1.045434594154358,1.0467586517333984,0,0.49511381117006703,2025,1,0
2025-01-28,1.0445064306259155,1.0455766916275024,1.0415256023406982,1.0445064306259155,0,-0.21516145137691067,2025,1,1
2025-01-29,1.04290509223938,1.0444954633712769,1.0383461713790894,1.04290509223938,0,-0.15331053400751138,2025,1,2
2025-01-30,1.0425245761871338,1.0465506315231323,1.0391337871551514,1.0425245761871338,0,-0.03648616303418839,2025,1,3
2025-01-31,1.0397279262542725,1.0412328243255615,1.0362050533294678,1.0397279262542725,0,-0.268257458552168,2025,1,4
2025-02-03,1.024779200553894,1.032652497291565,1.0213043689727783,1.024779200553894,0,-1.4377536010052872,2025,2,0
2025-02-04,1.0327378511428833,1.0386804342269895,1.0276541709899902,1.0327378511428833,0,0.7766210111102678,2025,2,1
2025-02-05,1.0372798442840576,1.043645262718201,1.037043213844299,1.0372798442840576,0,0.4398011689169534,2025,2,2
2025-02-06,1.0400848388671875,1.040528655052185,1.0354539155960083,1.0400848388671875,0,0.2704183059746956,2025,2,3
2025-02-07,1.0385725498199463,1.040593504905701,1.0324605703353882,1.0385725498199463,0,-0.14540054721770002,2025,2,4
2025-02-10,1.0311616659164429,1.0336023569107056,1.0299509763717651,1.0311616659164429,0,-0.7135643922794088,2025,2,0
2025-02-11,1.0301525592803955,1.0351966619491575,1.0292725563049316,1.0301525592803955,0,-0.09786114722859507,2025,2,1
2025-02-12,1.0364949703216553,1.039565920829773,1.031821370124817,1.0364949703216553,0,0.6156768707821447,2025,2,2
2025-02-13,1.039198637008667,1.044571876525879,1.0379257202148438,1.039198637008667,0,0.26084706288276305,2025,2,3
2025-02-14,1.0461673736572266,1.0513699054718018,1.0448119640350342,1.0461673736572266,0,0.6705875470178757,2025,2,4
2025-02-17,1.0489217042922974,1.0507071018218994,1.0467368364334106,1.0489217042922974,0,0.2632782004510448,2025,2,0
2025-02-18,1.048536777496338,1.0486466884613037,1.044277310371399,1.048536777496338,0,-0.03669738116622856,2025,2,1
2025-02-19,1.044833779335022,1.0462440252304075,1.0405069589614868,1.044833779335022,0,-0.3531586340879578,2025,2,2
2025-02-20,1.0421009063720703,1.047877550125122,1.0419706106185913,1.0421009063720703,0,-0.261560548386075,2025,2,3
2025-02-21,1.050056219100952,1.0507513284683228,1.0449975728988647,1.050056219100952,0,0.7633917867490236,2025,2,4
2025-02-24,1.0474823713302612,1.0528643131256104,1.045434594154358,1.0474823713302612,0,-0.24511523515325928,2025,2,0
2025-02-25,1.0461344718933103,1.0518454313278198,1.0457953214645386,1.0461344718933103,0,-0.1286799161344443,2025,2,1
2025-02-26,1.0524100065231323,1.0527424812316897,1.0476469993591309,1.0524100065231323,0,0.5998783902479099,2025,2,2
2025-02-27,1.0488777160644531,1.0489877462387085,1.0404852628707886,1.0488777160644531,0,-0.33563824334480463,2025,2,3
2025-02-28,1.039511799812317,1.0421009063720703,1.038184404373169,1.039511799812317,0,-0.8929464425346478,2025,2,4
2025-03-03,1.0413846969604492,1.050023078918457,1.039047360420227,1.0413846969604492,0,0.18017084062638133,2025,3,0
2025-03-04,1.0485037565231323,1.0559550523757937,1.0471752882003784,1.0485037565231323,0,0.6836147663262127,2025,3,1
2025-03-05,1.062699317932129,1.0785857439041138,1.0602879524230957,1.062699317932129,0,1.3538875107199866,2025,3,2
2025-03-06,1.0794938802719116,1.0851047039031982,1.0782485008239746,1.0794938802719116,0,1.5803682242369943,2025,3,3
2025-03-07,1.0787951946258545,1.088565707206726,1.0782135725021362,1.0787951946258545,0,-0.0647234466842117,2025,3,4
2025-03-10,1.086059331893921,1.0873465538024902,1.0806254148483276,1.086059331893921,0,0.6733564725031727,2025,3,0
2025-03-11,1.0839403867721558,1.0930275917053225,1.0836819410324097,1.0839403867721558,0,-0.1951039928978826,2025,3,1
2025-03-12,1.0914170742034912,1.093457818031311,1.087725043296814,1.0914170742034912,0,0.6897692458530891,2025,3,2
2025-03-13,1.0886249542236328,1.0899182558059692,1.082297921180725,1.0886249542236328,0,-0.2558252061335975,2025,3,3
2025-03-14,1.085564136505127,1.0910122394561768,1.0831302404403689,1.085564136505127,0,-0.2811636557319863,2025,3,4
2025-03-17,1.0881274938583374,1.0928961038589478,1.0869210958480835,1.0881274938583374,0,0.2361313594480885,2025,3,0
2025-03-18,1.091917634010315,1.095446228981018,1.0897043943405151,1.091917634010315,0,0.34831765334208953,2025,3,1
2025-03-19,1.093948245048523,1.094570875167847,1.0875948667526243,1.093948245048523,0,0.18596741869165712,2025,3,2
2025-03-20,1.0911908149719238,1.0917507410049438,1.0818296670913696,1.0911908149719238,0,-0.2520622057834987,2025,3,3
2025-03-21,1.0856702327728271,1.086130142211914,1.0805671215057373,1.0856702327728271,0,-0.5059227151979595,2025,3,4
2025-03-24,1.083576202392578,1.0856938362121582,1.079074501991272,1.083576202392578,0,-0.1928790453157303,2025,3,0
2025-03-25,1.0803569555282593,1.0830715894699097,1.0778650045394895,1.0803569555282593,0,-0.29709464430931476,2025,3,1
2025-03-26,1.0787487030029297,1.080228567123413,1.076878309249878,1.0787487030029297,0,-0.14886306947903272,2025,3,2
2025-03-27,1.0742061138153076,1.0818763971328735,1.0742061138153076,1.0742061138153076,0,-0.42109799761305133,2025,3,3
2025-03-28,1.080100178718567,1.0845280885696411,1.07658851146698,1.080100178718567,0,0.5486903144057864,2025,3,4
2025-03-31,1.082391619682312,1.084845781326294,1.0785740613937378,1.082391619682312,0,0.21215078090845996,2025,3,0
2025-04-01,1.0818880796432495,1.0830715894699097,1.0779578685760498,1.0818880796432495,0,-0.04652105854351385,2025,4,1
2025-04-02,1.0795987844467163,1.087263822555542,1.0782020092010498,1.0795987844467163,0,-0.21160185046942281,2025,4,2
2025-04-03,1.090869426727295,1.1133378744125366,1.088245868682861,1.090869426727295,0,1.0439658179454803,2025,4,3
2025-04-04,1.1043744087219238,1.1107531785964966,1.0964791774749756,1.1043744087219238,0,1.2380016951382578,2025,4,4
2025-04-07,1.098454475402832,1.1049845218658447,1.0903223752975464,1.098454475402832,0,-0.5360440510336351,2025,4,0
2025-04-08,1.0915361642837524,1.0991909503936768,1.0891940593719482,1.0915361642837524,0,-0.629822288861126,2025,4,1
2025-04-09,1.0980443954467771,1.10948383808136,1.0972250699996948,1.0980443954467771,0,0.5962451246217082,2025,4,2
2025-04-10,1.0952062606811523,1.122536063194275,1.0953142642974854,1.0952062606811523,0,-0.25847176829949525,2025,4,3
2025-04-11,1.1257838010787964,1.1471836566925049,1.1250872611999512,1.1257838010787964,0,2.7919435356977162,2025,4,4
2025-04-14,1.1343141794204712,1.1424784660339355,1.1299690008163452,1.1343141794204712,0,0.7577279343956134,2025,4,0
2025-04-15,1.1339668035507202,1.1377859115600586,1.1285662651062012,1.1339668035507202,0,-0.03062430815494732,2025,4,1
2025-04-16,1.1292672157287598,1.1390169858932495,1.129420280456543,1.1292672157287598,0,-0.4144378660155601,2025,4,2
2025-04-17,1.1396790742874146,1.1396400928497314,1.13413405418396,1.1396790742874146,0,0.9220013132087201,2025,4,3
2025-04-22,1.1512778997421265,1.1546543836593628,1.145396709442139,1.1512778997421265,0,1.0177273336324122,2025,4,1
2025-04-23,1.1351252794265747,1.144007682800293,1.13379967212677,1.1351252794265747,0,-1.403016623455533,2025,4,2
2025-04-24,1.132733702659607,1.1394323110580444,1.132233500480652,1.132733702659607,0,-0.21068835399171704,2025,4,3
2025-04-25,1.1371906995773315,1.1384334564208984,1.1316184997558594,1.1371906995773315,0,0.3934726147248657,2025,4,4
2025-04-28,1.1343141794204712,1.140823245048523,1.133105993270874,1.1343141794204712,0,-0.25294967307852856,2025,4,0
2025-04-29,1.1409143209457395,1.1419566869735718,1.1371389627456665,1.1409143209457395,0,0.5818618549439547,2025,4,1
2025-04-30,1.1389262676239014,1.1398869752883911,1.1327080726623535,1.1389262676239014,0,-0.17425088679666745,2025,4,2
2025-05-01,1.1324899196624756,1.1340954303741455,1.126697063446045,1.1324899196624756,0,-0.565124200256939,2025,5,3
2025-05-02,1.1296498775482178,1.1378635168075562,1.1275228261947632,1.1296498775482178,0,-0.2507785777999927,2025,5,4
2025-05-05,1.1323232650756836,1.1364539861679075,1.1312856674194336,1.1323232650756836,0,0.23665629329931992,2025,5,0
2025-05-06,1.1313369274139404,1.1361182928085327,1.1281206607818604,1.1313369274139404,0,-0.08710742701883989,2025,5,1
2025-05-07,1.1342755556106567,1.1377729177474976,1.1327080726623535,1.1342755556106567,0,0.25974827882915275,2025,5,2
2025-05-08,1.1306205987930298,1.1336711645126345,1.123608112335205,1.1306205987930298,0,-0.32222829801346053,2025,5,3
2025-05-09,1.122422695159912,1.129114270210266,1.1199839115142822,1.122422695159912,0,-0.7250799819027876,2025,5,4
2025-05-12,1.12296462059021,1.1242902278900146,1.1075055599212646,1.12296462059021,0,0.04828175986058003,2025,5,0
2025-05-13,1.1095577478408811,1.1177430152893066,1.109668493270874,1.1095577478408811,0,-1.193882024732218,2025,5,1
2025-05-14,1.1185556650161743,1.1264559030532837,1.1182429790496826,1.1185556650161743,0,0.8109462705120585,2025,5,2
2025-05-15,1.1181930303573608,1.1227755546569824,1.117480754852295,1.1181930303573608,0,-0.03241990275094642,2025,5,3
2025-05-16,1.1192693710327148,1.1219944953918457,1.1141440868377686,1.1192693710327148,0,0.09625714399328356,2025,5,4
2025-05-19,1.1187559366226196,1.128604531288147,1.1173559427261353,1.1187559366226196,0,-0.04587228270362953,2025,5,0
2025-05-20,1.123342990875244,1.1277261972427368,1.12186861038208,1.123342990875244,0,0.41001384685135367,2025,5,1
2025-05-21,1.128795504570007,1.1362345218658447,1.1287446022033691,1.128795504570007,0,0.48538280285301827,2025,5,2
2025-05-22,1.133118748664856,1.134455680847168,1.1267098188400269,1.133118748664856,0,0.3829962183004687,2025,5,3
2025-05-23,1.1281843185424805,1.1376564502716064,1.1279934644699097,1.1281843185424805,0,-0.43547334541853555,2025,5,4
2025-05-26,1.1372811794281006,1.1418914794921875,1.136932134628296,1.1372811794281006,0,0.8063275420608917,2025,5,0
2025-05-27,1.1388484239578247,1.1409013271331787,1.1325156688690186,1.1388484239578247,0,0.13780624862818058,2025,5,1
2025-05-28,1.1337097883224487,1.1345586776733398,1.128426194190979,1.1337097883224487,0,-0.4512133069928481,2025,5,2
2025-05-29,1.123368263244629,1.1369450092315674,1.12271249294281,1.123368263244629,0,-0.9121845100342862,2025,5,3
2025-05-30,1.1378376483917236,1.1390429735183716,1.1314393281936646,1.1378376483917236,0,1.2880357778047635,2025,5,4
2025-06-02,1.1353315114974976,1.1449114084243774,1.135589361190796,1.1353315114974976,0,-0.22025434804063826,2025,6,0
2025-06-03,1.1453442573547363,1.145514726638794,1.1367640495300293,1.1453442573547363,0,0.8819226592268192,2025,6,1
2025-06-04,1.1384464502334597,1.143458366394043,1.1359375715255735,1.1384464502334597,0,-0.6022474969410219,2025,6,2
2025-06-05,1.1422044038772583,1.1494252681732178,1.1406149864196775,1.1422044038772583,0,0.3300948975709872,2025,6,3
2025-06-06,1.1453834772109983,1.1458691358566284,1.137229561805725,1.1453834772109983,0,0.2783278827282132,2025,6,4
2025-06-09,1.1407841444015503,1.1440337896347046,1.138757586479187,1.1407841444015503,0,-0.401553968688928,2025,6,0
2025-06-10,1.1428048610687256,1.1448328495025637,1.1374623775482178,1.1428048610687256,0,0.17713400708556648,2025,6,1
2025-06-11,1.143746018409729,1.149095058441162,1.1406019926071167,1.143746018409729,0,0.08235503479774309,2025,6,2
2025-06-12,1.1509333848953247,1.1628718376159668,1.1502846479415894,1.1509333848953247,0,0.628405814744526,2025,6,3
2025-06-13,1.1600254774093628,1.1612108945846558,1.1492931842803955,1.1600254774093628,0,0.789975565342127,2025,6,4
2025-06-16,1.1556684970855713,1.1614806652069092,1.1524852514266968,1.1556684970855713,0,-0.37559350278424386,2025,6,0
2025-06-17,1.1551345586776731,1.1574074029922483,1.1512514352798462,1.1551345586776731,0,-0.04620169272111507,2025,6,1
2025-06-18,1.1482638120651243,1.1530035734176636,1.1482374668121338,1.1482638120651243,0,-0.594800541714724,2025,6,2
2025-06-19,1.1477497816085815,1.1486859321594238,1.1448458433151243,1.1477497816085815,0,-0.04476588490742728,2025,6,3
2025-06-20,1.1512778997421265,1.1534557342529297,1.1496102809906006,1.1512778997421265,0,0.3073943633080223,2025,6,4
2025-06-23,1.1500862836837769,1.1551746129989624,1.1455540657043457,1.1500862836837769,0,-0.10350377251370224,2025,6,0
2025-06-24,1.1599044799804688,1.1635890007019043,1.1582921743392944,1.1599044799804688,0,0.8536921477964032,2025,6,1
2025-06-25,1.161224365234375,1.1631423234939575,1.1590977907180786,1.161224365234375,0,0.11379258177608431,2025,6,2
2025-06-26,1.1683744192123413,1.1743428707122805,1.1668611764907837,1.1683744192123413,0,0.6157340641507414,2025,6,3
2025-06-27,1.1692214012145996,1.1750881671905518,1.1684290170669556,1.1692214012145996,0,0.07249234392081583,2025,6,4
2025-06-30,1.1727453470230105,1.177163004875183,1.170905351638794,1.1727453470230105,0,0.3013925168278808,2025,6,0
2025-07-01,1.178717017173767,1.1830259561538696,1.1767750978469849,1.178717017173767,0,0.5092043354437914,2025,7,1
2025-07-02,1.180553913116455,1.1810001134872437,1.1749224662780762,1.180553913116455,0,0.15583858686389895,2025,7,2
2025-07-03,1.18002450466156,1.1813349723815918,1.1720856428146362,1.18002450466156,0,-0.044844072685967795,2025,7,3
2025-07-04,1.1771491765975952,1.1786893606185913,1.1756683588027954,1.1771491765975952,0,-0.2436668096811645,2025,7,4
2025-07-07,1.178078293800354,1.179008960723877,1.1719070672988892,1.178078293800354,0,0.07892943572744837,2025,7,0
2025-07-08,1.1736538410186768,1.17648446559906,1.168470025062561,1.1736538410186768,0,-0.3755652578407487,2025,7,1
2025-07-09,1.1724566221237185,1.1728830337524414,1.1690847873687744,1.1724566221237185,0,-0.1020078368183186,2025,7,2
2025-07-10,1.17311692237854,1.1750881671905518,1.166575312614441,1.17311692237854,0,0.056317670296879285,2025,7,3
2025-07-11,1.1702749729156494,1.1713716983795166,1.1665889024734497,1.1702749729156494,0,-0.24225628397964716,2025,7,4
2025-07-14,1.1682106256484983,1.169864296913147,1.1656641960144043,1.1682106256484983,0,-0.17639848026553828,2025,7,0
2025-07-15,1.1666297912597656,1.1692078113555908,1.1602139472961426,1.1666297912597656,0,-0.13532100753279597,2025,7,1
2025-07-16,1.160739183425903,1.1716736555099487,1.1564035415649414,1.160739183425903,0,-0.5049252023216044,2025,7,2
2025-07-17,1.1635754108428955,1.1635754108428955,1.1569386720657349,1.1635754108428955,0,0.24434665922290488,2025,7,3
2025-07-18,1.161548137664795,1.1669564247131348,1.1612648963928225,1.161548137664795,0,-0.17422791502890167,2025,7,4
2025-07-21,1.163074612617493,1.1716736555099487,1.1614941358566284,1.163074612617493,0,0.13141727864733888,2025,7,0
2025-07-22,1.1694538593292236,1.174936294555664,1.1680059432983398,1.1694538593292236,0,0.5484812962578856,2025,7,1
2025-07-23,1.1739156246185305,1.1752538681030271,1.1712344884872437,1.1739156246185305,0,0.38152555175337,2025,7,2
2025-07-24,1.1774264574050903,1.17875874042511,1.1733232736587524,1.1774264574050903,0,0.2990702834968051,2025,7,3
2025-07-25,1.1756131649017334,1.1760693788528442,1.170740842819214,1.1756131649017334,0,-0.15400473566333783,2025,7,4
2025-07-28,1.1756821870803833,1.1770660877227783,1.1609952449798584,1.1756821870803833,0,0.005871164147408514,2025,7,0
2025-07-29,1.1596757173538208,1.160092830657959,1.1519941091537476,1.1596757173538208,0,-1.361462298438998,2025,7,1
2025-07-30,1.1550945043563845,1.157273530960083,1.1459347009658811,1.1550945043563845,0,-0.3950425906899091,2025,7,2
2025-07-31,1.1429355144500732,1.1460267305374146,1.1406540870666504,1.1429355144500732,0,-1.0526402697315418,2025,7,3
2025-08-01,1.142374038696289,1.1582921743392944,1.1394582986831665,1.142374038696289,0,-0.04912575965008159,2025,8,4
2025-08-04,1.158668041229248,1.1588828563690186,1.1550945043563845,1.158668041229248,0,1.4263281535664252,2025,8,0
2025-08-05,1.1584129333496094,1.158815622329712,1.1530035734176636,1.1584129333496094,0,-0.022017339786817303,2025,8,1
2025-08-06,1.1579166650772097,1.164646029472351,1.156510591506958,1.1579166650772097,0,-0.04284036012656145,2025,8,2
2025-08-07,1.1663167476654053,1.1695358753204346,1.161426663398743,1.1663167476654053,0,0.7254479395229607,2025,8,3
2025-08-08,1.1676650047302246,1.167924165725708,1.163074612617493,1.1676650047302246,0,0.11559956311337771,2025,8,4
2025-08-11,1.1647952795028689,1.1676785945892334,1.1591111421585083,1.1647952795028689,0,-0.24576614146440967,2025,8,0
2025-08-12,1.1618449687957764,1.1694538593292236,1.1599314212799072,1.1618449687957764,0,-0.25329006384294805,2025,8,1
2025-08-13,1.1677058935165403,1.1730618476867676,1.1671879291534424,1.1677058935165403,0,0.5044498085522209,2025,8,2
2025-08-14,1.171289324760437,1.1715638637542725,1.1638462543487549,1.171289324760437,0,0.3068778931230032,2025,8,3
2025-08-15,1.1651345491409302,1.171522617340088,1.16478168964386,1.1651345491409302,0,-0.52547013700186,2025,8,4
2025-08-18,1.1706587076187134,1.1710972785949707,1.166167140007019,1.1706587076187134,0,0.47412193569027483,2025,8,0
2025-08-19,1.1668338775634766,1.169344425201416,1.1641037464141846,1.1668338775634766,0,-0.3267246064411977,2025,8,1
2025-08-20,1.164252758026123,1.1672561168670654,1.1623852252960205,1.164252758026123,0,-0.22120711328190712,2025,8,2
2025-08-21,1.165175199508667,1.1661943197250366,1.1602678298950195,1.165175199508667,0,0.07923034548853458,2025,8,3
2025-08-22,1.16130530834198,1.1730343103408811,1.1583592891693115,1.16130530834198,0,-0.3321295517033751,2025,8,4
2025-08-25,1.1709601879119873,1.1719757318496704,1.1667250394821167,1.1709601879119873,0,0.8313816789309092,2025,8,0
2025-08-26,1.1618449687957764,1.1664528846740725,1.1602543592453003,1.1618449687957764,0,-0.7784397121532227,2025,8,1
2025-08-27,1.1639411449432373,1.1642799377441406,1.157474398612976,1.1639411449432373,0,0.18041788739109332,2025,8,2
2025-08-28,1.1647952795028689,1.168770432472229,1.1629530191421509,1.1647952795028689,0,0.07338296814596301,2025,8,3
2025-08-29,1.1681560277938845,1.170740842819214,1.1654332876205444,1.1681560277938845,0,0.28852694977008486,2025,8,4
2025-09-01,1.169180393218994,1.1735849380493164,1.1688660383224487,1.169180393218994,0,0.08769080505828253,2025,9,0
2025-09-02,1.1715912818908691,1.1716049909591677,1.1613458395004272,1.1715912818908691,0,0.20620331010148263,2025,9,1
2025-09-03,1.163602590560913,1.1682243347167969,1.1609817743301392,1.163602590560913,0,-0.6818667442679227,2025,9,2
2025-09-04,1.16604483127594,1.1667931079864502,1.1632235050201416,1.16604483127594,0,0.20988615312806935,2025,9,3
2025-09-05,1.165691375732422,1.1759172677993774,1.1653246879577637,1.165691375732422,0,-0.03031234597824506,2025,9,4
2025-09-08,1.1713168621063232,1.175585389137268,1.1705764532089231,1.1713168621063232,0,0.4825879723410198,2025,9,0
2025-09-09,1.1769136190414429,1.1780366897583008,1.1718658208847046,1.1769136190414429,0,0.4778174989349404,2025,9,1
2025-09-10,1.1702749729156494,1.1730204820632937,1.1688660383224487,1.1702749729156494,0,-0.564072504420543,2025,9,2
2025-09-11,1.1703435182571411,1.1745636463165283,1.1668883562088013,1.1703435182571411,0,0.005857199639236477,2025,9,3
2025-09-12,1.1734747886657717,1.174812078475952,1.170261263847351,1.1734747886657717,0,0.26755139493519486,2025,9,4
2025-09-15,1.1726491451263428,1.177440166473389,1.1717147827148438,1.1726491451263428,0,-0.07035886474967556,2025,9,0
2025-09-16,1.1763737201690674,1.1852554082870483,1.17583429813385,1.1763737201690674,0,0.31762058226916245,2025,9,1
2025-09-17,1.1871408224105835,1.187295913696289,1.18343186378479,1.1871408224105835,0,0.9152790526439691,2025,9,2
2025-09-18,1.1826341152191162,1.184834122657776,1.1751296520233154,1.1826341152191162,0,-0.3796270085562381,2025,9,3
2025-09-19,1.1791062355041504,1.1793843507766724,1.1730343103408811,1.1791062355041504,0,-0.29830694629607857,2025,9,4
2025-09-22,1.173695087432861,1.1786893606185913,1.172717809677124,1.173695087432861,0,-0.458919468691954,2025,9,0
2025-09-23,1.1801080703735352,1.1820051670074463,1.178175449371338,1.1801080703735352,0,0.5463925860591967,2025,9,1
2025-09-24,1.181446552276611,1.1816558837890625,1.1731306314468384,1.181446552276611,0,0.11342028214857969,2025,9,2
2025-09-25,1.1744670867919922,1.1754333972930908,1.1667931079864502,1.1744670867919922,0,-0.5907559229970882,2025,9,3
2025-09-26,1.166275978088379,1.1702202558517456,1.16593599319458,1.166275978088379,0,-0.6974319498375126,2025,9,4
2025-09-29,1.170823097229004,1.1754887104034424,1.1705353260040283,1.170823097229004,0,0.3898836318379839,2025,9,0
2025-09-30,1.1731443405151367,1.1759449243545532,1.1713168621063232,1.1731443405151367,0,0.19825738761274359,2025,9,1
2025-10-01,1.1735849380493164,1.1778839826583862,1.171687364578247,1.1735849380493164,0,0.03755697563918581,2025,10,2
2025-10-02,1.1734058856964111,1.1759172677993774,1.1685655117034912,1.1734058856964111,0,-0.01525687209337212,2025,10,3
2025-10-03,1.1725116968154907,1.1756683588027954,1.1716187000274658,1.1725116968154907,0,-0.07620456756015637,2025,10,4
2025-10-06,1.171248197555542,1.1731581687927246,1.1654061079025269,1.171248197555542,0,-0.10776005590223958,2025,10,0
2025-10-07,1.171028733253479,1.1710972785949707,1.1655147075653076,1.171028733253479,0,-0.01873764267223965,2025,10,1
2025-10-08,1.1654603481292725,1.1652973890304563,1.1603620052337646,1.1654603481292725,0,-0.47551225397653996,2025,10,2
2025-10-09,1.1631964445114136,1.164958119392395,1.1549211740493774,1.1631964445114136,0,-0.19424973329146278,2025,10,3
2025-10-10,1.156644344329834,1.162993550300598,1.1560827493667605,1.156644344329834,0,-0.5632840619910651,2025,10,4
2025-10-13,1.160240888595581,1.16296648979187,1.1559356451034546,1.160240888595581,0,0.31094642734201816,2025,10,0
2025-10-14,1.1566845178604126,1.160725712776184,1.154521107673645,1.1566845178604126,0,-0.30652003132498606,2025,10,1
2025-10-15,1.1602274179458618,1.164822340011597,1.1602543592453003,1.1602274179458618,0,0.30629787385783036,2025,10,2
2025-10-16,1.1646324396133425,1.1678286790847778,1.164334058761597,1.1646324396133425,0,0.37966881314350776,2025,10,3
2025-10-17,1.1699601411819458,1.1728416681289673,1.165813684463501,1.1699601411819458,0,0.45745776842451846,2025,10,4
2025-10-20,1.165745735168457,1.1676785945892334,1.16453754901886,1.165745735168457,0,-0.3602179138539885,2025,10,0
2025-10-21,1.164442539215088,1.1656370162963867,1.1598505973815918,1.164442539215088,0,-0.11179075454055276,2025,10,1
2025-10-22,1.160038948059082,1.1616560220718384,1.1577692031860352,1.160038948059082,0,-0.3781716149750203,2025,10,2
2025-10-23,1.1608469486236572,1.1621150970458984,1.1586410999298096,1.1608469486236572,0,0.06965288242495316,2025,10,3
2025-10-24,1.1618045568466189,1.164768099784851,1.1601735353469849,1.1618045568466189,0,0.08249220313643058,2025,10,4
2025-10-27,1.1631693840026855,1.164958119392395,1.1618720293045044,1.1631693840026855,0,0.11747476354981856,2025,10,0
2025-10-28,1.165175199508667,1.1668611764907837,1.1627906560897827,1.165175199508667,0,0.1724439736437322,2025,10,1
2025-10-29,1.1657865047454834,1.1665889024734497,1.1619800329208374,1.1657865047454834,0,0.05246466257384785,2025,10,2
2025-10-30,1.1603351831436155,1.1634671688079834,1.1547610759735107,1.1603351831436155,0,-0.4676089129250993,2025,10,3
2025-10-31,1.157246708869934,1.1577826738357544,1.152379035949707,1.157246708869934,0,-0.26617087187807975,2025,10,4
2025-11-03,1.152804255485535,1.1542012691497805,1.1506155729293823,1.152804255485535,0,-0.383881271845421,2025,11,0
2025-11-04,1.1519144773483276,1.1532961130142212,1.1473548412322998,1.1519144773483276,0,-0.07718380054317908,2025,11,1
2025-11-05,1.1485539674758911,1.149795413017273,1.1470125913619995,1.1485539674758911,0,-0.29173258419082915,2025,11,2
2025-11-06,1.1496764421463013,1.154294490814209,1.149385690689087,1.1496764421463013,0,0.09772937991558983,2025,11,3
2025-11-07,1.1549211740493774,1.1589902639389038,1.153043508529663,1.1549211740493774,0,0.4561919954874316,2025,11,4
2025-11-10,1.1554548740386963,1.1582250595092771,1.1543744802474976,1.1543878316879272,0,-0.04617997950285835,2025,11,0
2025-11-11,1.1557353734970093,1.1606314182281494,1.1548144817352295,1.1557220220565796,0,0.11557557451913336,2025,11,1
2025-11-12,1.1588828563690186,1.1597968339920044,1.1563233137130735,1.1587486267089844,0,0.26187998451556727,2025,11,2
2025-11-13,1.159245491027832,1.1649309396743774,1.1579837799072266,1.159218668937683,0,0.04056464170609786,2025,11,3
2025-11-14,1.163074612617493,1.1653653383255005,1.1608065366744995,1.1631964445114136,0,0.3431428150976634,2025,11,4
2025-11-17,1.16146719455719,1.1617100238800049,1.1583056449890137,1.161534547805786,0,-0.14287326216215757,2025,11,0
2025-11-18,1.159003734588623,1.1606987714767456,1.1573805809020996,1.159057378768921,0,-0.21326692706166162,2025,11,1
2025-11-19,1.158104419708252,1.1597565412521362,1.1535356044769287,1.1581177711486816,0,-0.0810665319466164,2025,11,2
2025-11-20,1.154068112373352,1.1551345586776731,1.1507744789123535,1.154068112373352,0,-0.34967590310897023,2025,11,3
2025-11-21,1.1535356044769287,1.1552013158798218,1.1492139101028442,1.1534557342529297,0,-0.053062563106698324,2025,11,4
2025-11-24,1.1507877111434937,1.1551345586776731,1.1502846479415894,1.1507612466812134,0,-0.23360129840279686,2025,11,0
2025-11-25,1.1520737409591677,1.1583458185195925,1.1512116193771362,1.1520073413848877,0,0.10828438194874224,2025,11,1
2025-11-26,1.156577467918396,1.1602274179458618,1.154961109161377,1.156483769416809,0,0.38857634592328605,2025,11,2
2025-11-27,1.1603620052337646,1.1615750789642334,1.1577155590057373,1.1602139472961426,0,0.32254476698920787,2025,11,3
2025-11-28,1.1600254774093628,1.1606718301773071,1.1557353734970093,1.1599851846694946,0,-0.019717279488074002,2025,11,4
2025-12-01,1.1602139472961426,1.1651887893676758,1.159003734588623,1.1601465940475464,0,0.013914779273482836,2025,12,0
2025-12-02,1.1607661247253418,1.1623852252960205,1.1592992544174194,1.1607661247253418,0,0.05340106853513049,2025,12,1
2025-12-03,1.1628988981246948,1.1675832271575928,1.1628177165985107,1.1627906560897827,0,0.17441337417734015,2025,12,2
2025-12-04,1.166670560836792,1.1682243347167969,1.1653653383255005,1.1666841506958008,0,0.3348405480923855,2025,12,3
2025-12-05,1.164456129074097,1.167147159576416,1.162858247756958,1.1642799377441406,0,-0.2060723075929638,2025,12,4
2025-12-08,1.1641172170639038,1.1672561168670654,1.1616965532302856,1.164022445678711,0,-0.022115992647664395,2025,12,0
2025-12-09,1.163873314857483,1.1659088134765625,1.1637378931045532,1.1641442775726318,0,0.010466455726287904,2025,12,1
